Entity,Code,Year,Maternal mortality ratio
Afghanistan,AFG,1990,1377.8586
Afghanistan,AFG,1991,1392.7859
Afghanistan,AFG,1992,1451.594
Afghanistan,AFG,1993,1368.8162
Afghanistan,AFG,1994,1375.0907
Afghanistan,AFG,1995,1400.8431
Afghanistan,AFG,1996,1375.5121
Afghanistan,AFG,1997,1365.2854
Afghanistan,AFG,1998,1459.2817
Afghanistan,AFG,1999,1359.217
Afghanistan,AFG,2000,1346.1442
Afghanistan,AFG,2001,1273.4314
Afghanistan,AFG,2002,1277.308
Afghanistan,AFG,2003,1196.0907
Afghanistan,AFG,2004,1114.8872
Afghanistan,AFG,2005,1102.8097
Afghanistan,AFG,2006,1044.4003
Afghanistan,AFG,2007,1023.4955
Afghanistan,AFG,2008,962.3215
Afghanistan,AFG,2009,913.03577
Afghanistan,AFG,2010,898.6692
Afghanistan,AFG,2011,883.7139
Afghanistan,AFG,2012,833.4772
Afghanistan,AFG,2013,820.68536
Afghanistan,AFG,2014,785.35406
Afghanistan,AFG,2015,775.6927
Afghanistan,AFG,2016,749.8157
Afghanistan,AFG,2017,681.80756
Afghanistan,AFG,2018,663.4275
Afghanistan,AFG,2019,644.2726
Afghanistan,AFG,2020,620.40753
Africa,,1990,850.23047
Africa,,1991,841.73444
Africa,,1992,866.1556
Africa,,1993,856.2383
Africa,,1994,823.59766
Africa,,1995,801.83624
Africa,,1996,797.6708
Africa,,1997,782.36926
Africa,,1998,804.27374
Africa,,1999,739.20233
Africa,,2000,718.2771
Africa,,2001,705.3272
Africa,,2002,692.7808
Africa,,2003,668.3644
Africa,,2004,652.6978
Africa,,2005,636.8363
Africa,,2006,619.63403
Africa,,2007,611.9057
Africa,,2008,607.67474
Africa,,2009,595.9811
Africa,,2010,583.5715
Africa,,2011,559.11273
Africa,,2012,544.01935
Africa,,2013,535.4149
Africa,,2014,527.16296
Africa,,2015,511.22266
Africa,,2016,504.3417
Africa,,2017,496.15768
Africa,,2018,487.91956
Africa,,2019,478.50122
Africa,,2020,464.0011
Albania,ALB,1990,32.874947
Albania,ALB,1991,29.07421
Albania,ALB,1992,27.674513
Albania,ALB,1993,26.515451
Albania,ALB,1994,24.24055
Albania,ALB,1995,22.034124
Albania,ALB,1996,18.68523
Albania,ALB,1997,18.388054
Albania,ALB,1998,15.522337
Albania,ALB,1999,14.890729
Albania,ALB,2000,14.326414
Albania,ALB,2001,12.525534
Albania,ALB,2002,12.407263
Albania,ALB,2003,12.1191635
Albania,ALB,2004,10.631596
Albania,ALB,2005,10.830499
Albania,ALB,2006,10.76677
Albania,ALB,2007,10.195825
Albania,ALB,2008,9.739404
Albania,ALB,2009,9.097263
Albania,ALB,2010,8.516676
Albania,ALB,2011,8.045227
Albania,ALB,2012,7.796703
Albania,ALB,2013,7.2153625
Albania,ALB,2014,7.0098605
Albania,ALB,2015,6.878285
Albania,ALB,2016,6.6560845
Albania,ALB,2017,6.689698
Albania,ALB,2018,5.4292927
Albania,ALB,2019,5.305023
Albania,ALB,2020,8.276446
Algeria,DZA,1990,205.81978
Algeria,DZA,1991,203.99115
Algeria,DZA,1992,203.64143
Algeria,DZA,1993,203.94144
Algeria,DZA,1994,202.64119
Algeria,DZA,1995,203.82845
Algeria,DZA,1996,192.42587
Algeria,DZA,1997,180.90137
Algeria,DZA,1998,186.70406
Algeria,DZA,1999,186.78293
Algeria,DZA,2000,159.17569
Algeria,DZA,2001,155.60765
Algeria,DZA,2002,150.39429
Algeria,DZA,2003,153.00684
Algeria,DZA,2004,136.83981
Algeria,DZA,2005,143.5237
Algeria,DZA,2006,134.48117
Algeria,DZA,2007,125.07094
Algeria,DZA,2008,116.5181
Algeria,DZA,2009,114.55361
Algeria,DZA,2010,111.74292
Algeria,DZA,2011,105.463295
Algeria,DZA,2012,99.0758
Algeria,DZA,2013,94.34408
Algeria,DZA,2014,86.15147
Algeria,DZA,2015,89.13265
Algeria,DZA,2016,88.9977
Algeria,DZA,2017,89.14354
Algeria,DZA,2018,79.49121
Algeria,DZA,2019,76.71434
Algeria,DZA,2020,77.694786
Angola,AGO,1990,1101.5057
Angola,AGO,1991,1057.4258
Angola,AGO,1992,1144.2839
Angola,AGO,1993,1096.3065
Angola,AGO,1994,1062.2179
Angola,AGO,1995,1022.6242
Angola,AGO,1996,997.4205
Angola,AGO,1997,961.12164
Angola,AGO,1998,934.1202
Angola,AGO,1999,893.4869
Angola,AGO,2000,859.92096
Angola,AGO,2001,799.6408
Angola,AGO,2002,758.27185
Angola,AGO,2003,676.49646
Angola,AGO,2004,594.1922
Angola,AGO,2005,549.839
Angola,AGO,2006,507.72153
Angola,AGO,2007,462.971
Angola,AGO,2008,438.34225
Angola,AGO,2009,398.88055
Angola,AGO,2010,367.26483
Angola,AGO,2011,334.7313
Angola,AGO,2012,304.0404
Angola,AGO,2013,291.41397
Angola,AGO,2014,291.74734
Angola,AGO,2015,273.59653
Angola,AGO,2016,269.82358
Angola,AGO,2017,252.80486
Angola,AGO,2018,233.09625
Angola,AGO,2019,227.68697
Angola,AGO,2020,221.90651
Argentina,ARG,1990,87.81426
Argentina,ARG,1991,82.48102
Argentina,ARG,1992,81.17095
Argentina,ARG,1993,78.66024
Argentina,ARG,1994,77.38795
Argentina,ARG,1995,76.43995
Argentina,ARG,1996,69.66277
Argentina,ARG,1997,70.72253
Argentina,ARG,1998,69.755104
Argentina,ARG,1999,70.112686
Argentina,ARG,2000,71.503746
Argentina,ARG,2001,72.13986
Argentina,ARG,2002,70.945435
Argentina,ARG,2003,78.64037
Argentina,ARG,2004,73.30911
Argentina,ARG,2005,62.698418
Argentina,ARG,2006,61.4496
Argentina,ARG,2007,62.55591
Argentina,ARG,2008,59.45658
Argentina,ARG,2009,56.543854
Argentina,ARG,2010,55.103214
Argentina,ARG,2011,50.25195
Argentina,ARG,2012,45.024837
Argentina,ARG,2013,43.346664
Argentina,ARG,2014,41.76457
Argentina,ARG,2015,39.335068
Argentina,ARG,2016,40.259438
Argentina,ARG,2017,38.243805
Argentina,ARG,2018,33.94483
Argentina,ARG,2019,32.602604
Argentina,ARG,2020,44.900078
Australia,AUS,1990,8.25592
Australia,AUS,1991,8.78524
Australia,AUS,1992,8.792665
Australia,AUS,1993,8.958936
Australia,AUS,1994,9.348918
Australia,AUS,1995,8.086464
Australia,AUS,1996,7.786785
Australia,AUS,1997,7.8833365
Australia,AUS,1998,7.467751
Australia,AUS,1999,7.1766896
Australia,AUS,2000,6.693827
Australia,AUS,2001,5.97206
Australia,AUS,2002,5.56837
Australia,AUS,2003,5.514746
Australia,AUS,2004,5.11737
Australia,AUS,2005,4.595687
Australia,AUS,2006,4.565959
Australia,AUS,2007,5.1069007
Australia,AUS,2008,4.8898544
Australia,AUS,2009,5.38075
Australia,AUS,2010,5.451912
Australia,AUS,2011,5.9374475
Australia,AUS,2012,5.859328
Australia,AUS,2013,5.9935246
Australia,AUS,2014,5.3901987
Australia,AUS,2015,5.244025
Australia,AUS,2016,5.1758337
Australia,AUS,2017,4.771443
Australia,AUS,2018,4.424252
Australia,AUS,2019,5.085507
Australia,AUS,2020,2.9415095
Azerbaijan,AZE,1990,47.49079
Azerbaijan,AZE,1991,49.91543
Azerbaijan,AZE,1992,51.201244
Azerbaijan,AZE,1993,57.30163
Azerbaijan,AZE,1994,59.103413
Azerbaijan,AZE,1995,58.415882
Azerbaijan,AZE,1996,65.26367
Azerbaijan,AZE,1997,61.925827
Azerbaijan,AZE,1998,63.672516
Azerbaijan,AZE,1999,55.722027
Azerbaijan,AZE,2000,55.520844
Azerbaijan,AZE,2001,55.15855
Azerbaijan,AZE,2002,54.012035
Azerbaijan,AZE,2003,50.945103
Azerbaijan,AZE,2004,46.81153
Azerbaijan,AZE,2005,43.89283
Azerbaijan,AZE,2006,38.76129
Azerbaijan,AZE,2007,34.40982
Azerbaijan,AZE,2008,32.792797
Azerbaijan,AZE,2009,33.32893
Azerbaijan,AZE,2010,32.81004
Azerbaijan,AZE,2011,30.739494
Azerbaijan,AZE,2012,29.373413
Azerbaijan,AZE,2013,28.39893
Azerbaijan,AZE,2014,28.972912
Azerbaijan,AZE,2015,29.377861
Azerbaijan,AZE,2016,26.018137
Azerbaijan,AZE,2017,26.893013
Azerbaijan,AZE,2018,27.599777
Azerbaijan,AZE,2019,26.869574
Azerbaijan,AZE,2020,40.763668
Bahamas,BHS,1990,53.264645
Bahamas,BHS,1991,54.550106
Bahamas,BHS,1992,56.04095
Bahamas,BHS,1993,57.743706
Bahamas,BHS,1994,53.773705
Bahamas,BHS,1995,56.056854
Bahamas,BHS,1996,59.03159
Bahamas,BHS,1997,59.091793
Bahamas,BHS,1998,54.49001
Bahamas,BHS,1999,66.813896
Bahamas,BHS,2000,60.841633
Bahamas,BHS,2001,63.125317
Bahamas,BHS,2002,65.82288
Bahamas,BHS,2003,68.61497
Bahamas,BHS,2004,72.480415
Bahamas,BHS,2005,73.90935
Bahamas,BHS,2006,79.191605
Bahamas,BHS,2007,85.85336
Bahamas,BHS,2008,86.19027
Bahamas,BHS,2009,89.04466
Bahamas,BHS,2010,78.880684
Bahamas,BHS,2011,100.577354
Bahamas,BHS,2012,101.34579
Bahamas,BHS,2013,82.225075
Bahamas,BHS,2014,96.98447
Bahamas,BHS,2015,84.44532
Bahamas,BHS,2016,79.304985
Bahamas,BHS,2017,77.33281
Bahamas,BHS,2018,77.080315
Bahamas,BHS,2019,82.026985
Bahamas,BHS,2020,77.05064
Bahrain,BHR,1990,35.826714
Bahrain,BHR,1991,36.152843
Bahrain,BHR,1992,34.825546
Bahrain,BHR,1993,32.41373
Bahrain,BHR,1994,32.255962
Bahrain,BHR,1995,30.399502
Bahrain,BHR,1996,27.933292
Bahrain,BHR,1997,28.13038
Bahrain,BHR,1998,27.162361
Bahrain,BHR,1999,26.92542
Bahrain,BHR,2000,24.323994
Bahrain,BHR,2001,22.777117
Bahrain,BHR,2002,25.284943
Bahrain,BHR,2003,25.101358
Bahrain,BHR,2004,21.769705
Bahrain,BHR,2005,21.165222
Bahrain,BHR,2006,20.95311
Bahrain,BHR,2007,17.608608
Bahrain,BHR,2008,18.251732
Bahrain,BHR,2009,18.083494
Bahrain,BHR,2010,19.82068
Bahrain,BHR,2011,19.374714
Bahrain,BHR,2012,18.15974
Bahrain,BHR,2013,16.15886
Bahrain,BHR,2014,15.168355
Bahrain,BHR,2015,15.747044
Bahrain,BHR,2016,15.071607
Bahrain,BHR,2017,15.388119
Bahrain,BHR,2018,13.7449465
Bahrain,BHR,2019,14.503957
Bahrain,BHR,2020,15.8978815
Barbados,BRB,1990,55.692677
Barbados,BRB,1991,56.515682
Barbados,BRB,1992,58.79786
Barbados,BRB,1993,48.76336
Barbados,BRB,1994,47.575874
Barbados,BRB,1995,47.743927
Barbados,BRB,1996,47.827656
Barbados,BRB,1997,49.057587
Barbados,BRB,1998,47.568436
Barbados,BRB,1999,45.86361
Barbados,BRB,2000,48.44007
Barbados,BRB,2001,48.568455
Barbados,BRB,2002,46.782482
Barbados,BRB,2003,45.083
Barbados,BRB,2004,42.72807
Barbados,BRB,2005,42.627502
Barbados,BRB,2006,42.11512
Barbados,BRB,2007,39.77807
Barbados,BRB,2008,54.135597
Barbados,BRB,2009,52.598736
Barbados,BRB,2010,53.28667
Barbados,BRB,2011,52.587677
Barbados,BRB,2012,52.174255
Barbados,BRB,2013,50.57476
Barbados,BRB,2014,49.38357
Barbados,BRB,2015,48.757504
Barbados,BRB,2016,47.86213
Barbados,BRB,2017,47.353275
Barbados,BRB,2018,47.097385
Barbados,BRB,2019,46.623375
Barbados,BRB,2020,39.108013
Belgium,BEL,1990,7.8812175
Belgium,BEL,1991,7.6433992
Belgium,BEL,1992,7.920976
Belgium,BEL,1993,8.107749
Belgium,BEL,1994,8.622048
Belgium,BEL,1995,8.884813
Belgium,BEL,1996,8.867147
Belgium,BEL,1997,8.516551
Belgium,BEL,1998,8.634228
Belgium,BEL,1999,8.247771
Belgium,BEL,2000,8.265235
Belgium,BEL,2001,8.012773
Belgium,BEL,2002,7.8324533
Belgium,BEL,2003,7.404159
Belgium,BEL,2004,6.9375477
Belgium,BEL,2005,6.75314
Belgium,BEL,2006,6.411282
Belgium,BEL,2007,6.692738
Belgium,BEL,2008,6.18618
Belgium,BEL,2009,6.1191435
Belgium,BEL,2010,5.92548
Belgium,BEL,2011,5.7949696
Belgium,BEL,2012,5.2598834
Belgium,BEL,2013,5.547087
Belgium,BEL,2014,5.258171
Belgium,BEL,2015,5.202934
Belgium,BEL,2016,4.934578
Belgium,BEL,2017,4.9123063
Belgium,BEL,2018,4.90796
Belgium,BEL,2019,4.603336
Belgium,BEL,2020,4.755863
Bosnia and Herzegovina,BIH,1990,33.165157
Bosnia and Herzegovina,BIH,1991,32.77943
Bosnia and Herzegovina,BIH,1992,37.243984
Bosnia and Herzegovina,BIH,1993,26.865707
Bosnia and Herzegovina,BIH,1994,29.807768
Bosnia and Herzegovina,BIH,1995,23.766552
Bosnia and Herzegovina,BIH,1996,24.189445
Bosnia and Herzegovina,BIH,1997,20.188366
Bosnia and Herzegovina,BIH,1998,16.31458
Bosnia and Herzegovina,BIH,1999,14.575081
Bosnia and Herzegovina,BIH,2000,15.603431
Bosnia and Herzegovina,BIH,2001,14.289807
Bosnia and Herzegovina,BIH,2002,15.044863
Bosnia and Herzegovina,BIH,2003,12.242224
Bosnia and Herzegovina,BIH,2004,11.334848
Bosnia and Herzegovina,BIH,2005,11.467669
Bosnia and Herzegovina,BIH,2006,10.061597
Bosnia and Herzegovina,BIH,2007,9.150778
Bosnia and Herzegovina,BIH,2008,8.206358
Bosnia and Herzegovina,BIH,2009,7.5433965
Bosnia and Herzegovina,BIH,2010,7.690391
Bosnia and Herzegovina,BIH,2011,7.814887
Bosnia and Herzegovina,BIH,2012,6.9028625
Bosnia and Herzegovina,BIH,2013,7.556332
Bosnia and Herzegovina,BIH,2014,8.300994
Bosnia and Herzegovina,BIH,2015,7.401724
Bosnia and Herzegovina,BIH,2016,6.4276495
Bosnia and Herzegovina,BIH,2017,5.9327483
Bosnia and Herzegovina,BIH,2018,5.5474706
Bosnia and Herzegovina,BIH,2019,5.3941045
Bosnia and Herzegovina,BIH,2020,5.668399
Brazil,BRA,1990,194.28181
Brazil,BRA,1991,175.60631
Brazil,BRA,1992,169.7051
Brazil,BRA,1993,158.88841
Brazil,BRA,1994,146.64238
Brazil,BRA,1995,121.07412
Brazil,BRA,1996,110.06962
Brazil,BRA,1997,99.53553
Brazil,BRA,1998,89.93645
Brazil,BRA,1999,74.07847
Brazil,BRA,2000,68.400314
Brazil,BRA,2001,67.92029
Brazil,BRA,2002,72.37671
Brazil,BRA,2003,68.84275
Brazil,BRA,2004,69.773125
Brazil,BRA,2005,69.968445
Brazil,BRA,2006,71.323875
Brazil,BRA,2007,72.024796
Brazil,BRA,2008,70.488846
Brazil,BRA,2009,67.93384
Brazil,BRA,2010,63.855293
Brazil,BRA,2011,61.941
Brazil,BRA,2012,56.877464
Brazil,BRA,2013,60.86941
Brazil,BRA,2014,62.2825
Brazil,BRA,2015,62.176037
Brazil,BRA,2016,62.71436
Brazil,BRA,2017,59.70362
Brazil,BRA,2018,59.183395
Brazil,BRA,2019,60.735165
Brazil,BRA,2020,72.14754
Bulgaria,BGR,1990,23.429884
Bulgaria,BGR,1991,24.569798
Bulgaria,BGR,1992,22.47983
Bulgaria,BGR,1993,22.459116
Bulgaria,BGR,1994,25.670774
Bulgaria,BGR,1995,26.792465
Bulgaria,BGR,1996,20.846107
Bulgaria,BGR,1997,24.545675
Bulgaria,BGR,1998,21.217033
Bulgaria,BGR,1999,24.116333
Bulgaria,BGR,2000,21.934078
Bulgaria,BGR,2001,20.9894
Bulgaria,BGR,2002,18.549234
Bulgaria,BGR,2003,16.70329
Bulgaria,BGR,2004,15.12295
Bulgaria,BGR,2005,13.717779
Bulgaria,BGR,2006,11.822357
Bulgaria,BGR,2007,10.3847065
Bulgaria,BGR,2008,9.139503
Bulgaria,BGR,2009,9.936562
Bulgaria,BGR,2010,10.297136
Bulgaria,BGR,2011,8.242124
Bulgaria,BGR,2012,7.5487704
Bulgaria,BGR,2013,7.4041286
Bulgaria,BGR,2014,7.458355
Bulgaria,BGR,2015,7.5017962
Bulgaria,BGR,2016,7.1580596
Bulgaria,BGR,2017,7.0295987
Bulgaria,BGR,2018,7.167728
Bulgaria,BGR,2019,6.7299147
Bulgaria,BGR,2020,7.086025
Burkina Faso,BFA,1990,721.83295
Burkina Faso,BFA,1991,703.92004
Burkina Faso,BFA,1992,686.9332
Burkina Faso,BFA,1993,686.7078
Burkina Faso,BFA,1994,656.4203
Burkina Faso,BFA,1995,636.94855
Burkina Faso,BFA,1996,614.25415
Burkina Faso,BFA,1997,621.7917
Burkina Faso,BFA,1998,586.66205
Burkina Faso,BFA,1999,539.9317
Burkina Faso,BFA,2000,505.58868
Burkina Faso,BFA,2001,499.61078
Burkina Faso,BFA,2002,496.95746
Burkina Faso,BFA,2003,456.5269
Burkina Faso,BFA,2004,438.34775
Burkina Faso,BFA,2005,416.89035
Burkina Faso,BFA,2006,405.9095
Burkina Faso,BFA,2007,400.31424
Burkina Faso,BFA,2008,374.5067
Burkina Faso,BFA,2009,368.4033
Burkina Faso,BFA,2010,357.41724
Burkina Faso,BFA,2011,340.40616
Burkina Faso,BFA,2012,320.79483
Burkina Faso,BFA,2013,324.3569
Burkina Faso,BFA,2014,313.40485
Burkina Faso,BFA,2015,294.78293
Burkina Faso,BFA,2016,293.01303
Burkina Faso,BFA,2017,283.11548
Burkina Faso,BFA,2018,276.62408
Burkina Faso,BFA,2019,283.25668
Burkina Faso,BFA,2020,263.7554
Burundi,BDI,1990,1505.3638
Burundi,BDI,1991,1531.0144
Burundi,BDI,1992,1531.891
Burundi,BDI,1993,1300.333
Burundi,BDI,1994,1399.4873
Burundi,BDI,1995,1327.5352
Burundi,BDI,1996,1195.0441
Burundi,BDI,1997,1100.5349
Burundi,BDI,1998,969.87897
Burundi,BDI,1999,896.979
Burundi,BDI,2000,873.6498
Burundi,BDI,2001,823.0206
Burundi,BDI,2002,779.4431
Burundi,BDI,2003,779.01447
Burundi,BDI,2004,739.56274
Burundi,BDI,2005,712.7677
Burundi,BDI,2006,695.5516
Burundi,BDI,2007,676.16187
Burundi,BDI,2008,630.0197
Burundi,BDI,2009,618.3315
Burundi,BDI,2010,608.00806
Burundi,BDI,2011,575.35077
Burundi,BDI,2012,563.8558
Burundi,BDI,2013,554.728
Burundi,BDI,2014,526.5016
Burundi,BDI,2015,514.0307
Burundi,BDI,2016,508.4552
Burundi,BDI,2017,499.13336
Burundi,BDI,2018,517.9052
Burundi,BDI,2019,479.29013
Burundi,BDI,2020,494.4298
Cambodia,KHM,1990,561.6058
Cambodia,KHM,1991,562.48645
Cambodia,KHM,1992,584.5427
Cambodia,KHM,1993,587.8035
Cambodia,KHM,1994,637.31335
Cambodia,KHM,1995,658.9054
Cambodia,KHM,1996,647.83264
Cambodia,KHM,1997,645.1826
Cambodia,KHM,1998,642.523
Cambodia,KHM,1999,613.73724
Cambodia,KHM,2000,605.5875
Cambodia,KHM,2001,573.9597
Cambodia,KHM,2002,496.62
Cambodia,KHM,2003,463.56888
Cambodia,KHM,2004,446.7247
Cambodia,KHM,2005,381.7787
Cambodia,KHM,2006,349.5947
Cambodia,KHM,2007,327.08914
Cambodia,KHM,2008,308.59888
Cambodia,KHM,2009,276.63965
Cambodia,KHM,2010,276.40027
Cambodia,KHM,2011,251.58862
Cambodia,KHM,2012,246.3626
Cambodia,KHM,2013,229.12242
Cambodia,KHM,2014,227.59547
Cambodia,KHM,2015,209.1699
Cambodia,KHM,2016,197.01701
Cambodia,KHM,2017,203.75096
Cambodia,KHM,2018,209.22379
Cambodia,KHM,2019,214.1864
Cambodia,KHM,2020,217.98315
Canada,CAN,1990,6.888846
Canada,CAN,1991,6.593192
Canada,CAN,1992,6.89872
Canada,CAN,1993,7.460345
Canada,CAN,1994,7.635242
Canada,CAN,1995,8.219039
Canada,CAN,1996,8.93224
Canada,CAN,1997,7.796492
Canada,CAN,1998,8.174505
Canada,CAN,1999,8.638797
Canada,CAN,2000,9.303749
Canada,CAN,2001,9.821888
Canada,CAN,2002,10.37895
Canada,CAN,2003,10.593342
Canada,CAN,2004,10.658911
Canada,CAN,2005,11.330542
Canada,CAN,2006,10.970501
Canada,CAN,2007,10.556517
Canada,CAN,2008,12.773329
Canada,CAN,2009,12.612516
Canada,CAN,2010,11.940334
Canada,CAN,2011,11.86201
Canada,CAN,2012,11.827372
Canada,CAN,2013,11.479947
Canada,CAN,2014,11.682492
Canada,CAN,2015,11.661086
Canada,CAN,2016,12.523758
Canada,CAN,2017,12.578957
Canada,CAN,2018,11.000969
Canada,CAN,2019,11.156275
Canada,CAN,2020,11.012866
Chad,TCD,1990,1369.5736
Chad,TCD,1991,1390.6072
Chad,TCD,1992,1379.747
Chad,TCD,1993,1380.5985
Chad,TCD,1994,1382.3335
Chad,TCD,1995,1373.4413
Chad,TCD,1996,1336.0854
Chad,TCD,1997,1336.8551
Chad,TCD,1998,1339.8013
Chad,TCD,1999,1356.2089
Chad,TCD,2000,1365.5068
Chad,TCD,2001,1343.0116
Chad,TCD,2002,1290.7782
Chad,TCD,2003,1255.23
Chad,TCD,2004,1228.7114
Chad,TCD,2005,1241.2063
Chad,TCD,2006,1254.6156
Chad,TCD,2007,1264.2484
Chad,TCD,2008,1244.9142
Chad,TCD,2009,1311.3062
Chad,TCD,2010,1303.28
Chad,TCD,2011,1284.3054
Chad,TCD,2012,1236.7516
Chad,TCD,2013,1217.4507
Chad,TCD,2014,1142.0535
Chad,TCD,2015,1125.3724
Chad,TCD,2016,1145.3589
Chad,TCD,2017,1094.5276
Chad,TCD,2018,1076.1641
Chad,TCD,2019,1047.2969
Chad,TCD,2020,1063.4933
Colombia,COL,1990,108.4422
Colombia,COL,1991,107.88417
Colombia,COL,1992,106.535805
Colombia,COL,1993,105.27559
Colombia,COL,1994,105.40133
Colombia,COL,1995,96.6035
Colombia,COL,1996,97.54599
Colombia,COL,1997,98.631775
Colombia,COL,1998,100.42779
Colombia,COL,1999,94.19719
Colombia,COL,2000,92.63503
Colombia,COL,2001,94.13931
Colombia,COL,2002,93.12215
Colombia,COL,2003,82.65058
Colombia,COL,2004,82.35472
Colombia,COL,2005,81.785416
Colombia,COL,2006,81.716965
Colombia,COL,2007,83.07629
Colombia,COL,2008,72.894455
Colombia,COL,2009,71.33593
Colombia,COL,2010,70.56835
Colombia,COL,2011,70.60106
Colombia,COL,2012,70.59163
Colombia,COL,2013,70.30792
Colombia,COL,2014,69.87793
Colombia,COL,2015,70.00599
Colombia,COL,2016,70.08121
Colombia,COL,2017,71.44645
Colombia,COL,2018,63.146347
Colombia,COL,2019,65.44107
Colombia,COL,2020,74.7629
Comoros,COM,1990,602.60315
Comoros,COM,1991,612.3189
Comoros,COM,1992,594.16614
Comoros,COM,1993,521.1115
Comoros,COM,1994,541.56903
Comoros,COM,1995,482.12744
Comoros,COM,1996,477.60034
Comoros,COM,1997,462.8841
Comoros,COM,1998,448.96667
Comoros,COM,1999,447.43982
Comoros,COM,2000,455.69693
Comoros,COM,2001,434.8211
Comoros,COM,2002,392.2345
Comoros,COM,2003,385.2364
Comoros,COM,2004,374.41504
Comoros,COM,2005,360.4615
Comoros,COM,2006,364.85254
Comoros,COM,2007,358.48358
Comoros,COM,2008,360.85233
Comoros,COM,2009,311.10477
Comoros,COM,2010,316.17194
Comoros,COM,2011,292.6101
Comoros,COM,2012,296.96365
Comoros,COM,2013,284.52307
Comoros,COM,2014,291.8494
Comoros,COM,2015,260.75192
Comoros,COM,2016,255.12814
Comoros,COM,2017,240.5849
Comoros,COM,2018,243.56516
Comoros,COM,2019,236.59631
Comoros,COM,2020,216.95372
Congo,COG,1990,740.1973
Congo,COG,1991,779.9004
Congo,COG,1992,826.9872
Congo,COG,1993,786.1847
Congo,COG,1994,787.4919
Congo,COG,1995,758.1763
Congo,COG,1996,731.4258
Congo,COG,1997,966.6766
Congo,COG,1998,825.0482
Congo,COG,1999,729.75146
Congo,COG,2000,659.7867
Congo,COG,2001,641.407
Congo,COG,2002,619.5643
Congo,COG,2003,587.13153
Congo,COG,2004,541.07263
Congo,COG,2005,487.7581
Congo,COG,2006,479.12253
Congo,COG,2007,439.35422
Congo,COG,2008,414.8624
Congo,COG,2009,414.9415
Congo,COG,2010,389.06412
Congo,COG,2011,387.1991
Congo,COG,2012,402.49243
Congo,COG,2013,361.82642
Congo,COG,2014,375.30713
Congo,COG,2015,360.43546
Congo,COG,2016,352.6002
Congo,COG,2017,365.77115
Congo,COG,2018,370.06052
Congo,COG,2019,292.1209
Congo,COG,2020,282.38577
Costa Rica,CRI,1990,44.087597
Costa Rica,CRI,1991,43.401188
Costa Rica,CRI,1992,43.70428
Costa Rica,CRI,1993,43.983536
Costa Rica,CRI,1994,41.578266
Costa Rica,CRI,1995,42.7589
Costa Rica,CRI,1996,44.236595
Costa Rica,CRI,1997,37.953297
Costa Rica,CRI,1998,40.706924
Costa Rica,CRI,1999,39.074203
Costa Rica,CRI,2000,38.507854
Costa Rica,CRI,2001,37.118683
Costa Rica,CRI,2002,36.468597
Costa Rica,CRI,2003,36.926502
Costa Rica,CRI,2004,31.82975
Costa Rica,CRI,2005,30.536617
Costa Rica,CRI,2006,29.450565
Costa Rica,CRI,2007,28.280283
Costa Rica,CRI,2008,27.123606
Costa Rica,CRI,2009,26.328058
Costa Rica,CRI,2010,26.574816
Costa Rica,CRI,2011,24.251762
Costa Rica,CRI,2012,24.15619
Costa Rica,CRI,2013,23.30556
Costa Rica,CRI,2014,24.235779
Costa Rica,CRI,2015,19.693003
Costa Rica,CRI,2016,18.574123
Costa Rica,CRI,2017,18.71925
Costa Rica,CRI,2018,17.989922
Costa Rica,CRI,2019,18.696135
Costa Rica,CRI,2020,22.003805
Croatia,HRV,1990,11.606214
Croatia,HRV,1991,12.605231
Croatia,HRV,1992,10.642485
Croatia,HRV,1993,10.839842
Croatia,HRV,1994,10.1336355
Croatia,HRV,1995,12.527371
Croatia,HRV,1996,11.331081
Croatia,HRV,1997,11.045783
Croatia,HRV,1998,10.812505
Croatia,HRV,1999,10.885336
Croatia,HRV,2000,10.906095
Croatia,HRV,2001,10.53485
Croatia,HRV,2002,10.834464
Croatia,HRV,2003,10.852756
Croatia,HRV,2004,9.721027
Croatia,HRV,2005,9.228106
Croatia,HRV,2006,8.758287
Croatia,HRV,2007,8.666889
Croatia,HRV,2008,7.980993
Croatia,HRV,2009,9.005521
Croatia,HRV,2010,7.236617
Croatia,HRV,2011,7.0512004
Croatia,HRV,2012,6.424494
Croatia,HRV,2013,6.0876713
Croatia,HRV,2014,5.89039
Croatia,HRV,2015,6.146268
Croatia,HRV,2016,5.3430123
Croatia,HRV,2017,5.356712
Croatia,HRV,2018,4.890743
Croatia,HRV,2019,4.5328746
Croatia,HRV,2020,4.8168216
Cuba,CUB,1990,65.01376
Cuba,CUB,1991,70.19372
Cuba,CUB,1992,63.390064
Cuba,CUB,1993,65.2811
Cuba,CUB,1994,65.25778
Cuba,CUB,1995,62.65026
Cuba,CUB,1996,61.08432
Cuba,CUB,1997,53.239998
Cuba,CUB,1998,50.072594
Cuba,CUB,1999,47.52989
Cuba,CUB,2000,47.01
Cuba,CUB,2001,46.549248
Cuba,CUB,2002,45.385864
Cuba,CUB,2003,38.632374
Cuba,CUB,2004,41.216476
Cuba,CUB,2005,43.46832
Cuba,CUB,2006,45.902416
Cuba,CUB,2007,45.15532
Cuba,CUB,2008,42.10917
Cuba,CUB,2009,40.29701
Cuba,CUB,2010,41.057774
Cuba,CUB,2011,39.58645
Cuba,CUB,2012,41.14646
Cuba,CUB,2013,40.807335
Cuba,CUB,2014,40.837387
Cuba,CUB,2015,39.16936
Cuba,CUB,2016,40.72115
Cuba,CUB,2017,40.161453
Cuba,CUB,2018,38.607304
Cuba,CUB,2019,40.29785
Cuba,CUB,2020,39.254543
Dominica,DMA,1991,55.74136
Dominica,DMA,1992,55.432373
Dominica,DMA,1994,59.594757
Dominica,DMA,1995,65.6168
Dominica,DMA,1998,79.681274
Dominica,DMA,2001,81.30081
Dominica,DMA,2002,90.334236
Dominica,DMA,2008,99.0099
Dominica,DMA,2010,207.68433
Dominica,DMA,2016,333.7041
Egypt,EGY,1990,124.78118
Egypt,EGY,1991,118.17056
Egypt,EGY,1992,118.123505
Egypt,EGY,1993,111.3401
Egypt,EGY,1994,109.298996
Egypt,EGY,1995,100.2992
Egypt,EGY,1996,98.739426
Egypt,EGY,1997,95.0138
Egypt,EGY,1998,86.54623
Egypt,EGY,1999,83.955986
Egypt,EGY,2000,79.405136
Egypt,EGY,2001,75.6537
Egypt,EGY,2002,72.503555
Egypt,EGY,2003,65.709694
Egypt,EGY,2004,62.583195
Egypt,EGY,2005,57.65885
Egypt,EGY,2006,52.862514
Egypt,EGY,2007,47.913994
Egypt,EGY,2008,43.761612
Egypt,EGY,2009,40.008682
Egypt,EGY,2010,38.173283
Egypt,EGY,2011,34.417828
Egypt,EGY,2012,30.975227
Egypt,EGY,2013,28.182178
Egypt,EGY,2014,25.250156
Egypt,EGY,2015,23.939701
Egypt,EGY,2016,21.243773
Egypt,EGY,2017,19.566296
Egypt,EGY,2018,19.053669
Egypt,EGY,2019,17.765667
Egypt,EGY,2020,16.81971
Equatorial Guinea,GNQ,1990,1178.8276
Equatorial Guinea,GNQ,1991,1128.2358
Equatorial Guinea,GNQ,1992,1069.6981
Equatorial Guinea,GNQ,1993,1053.6287
Equatorial Guinea,GNQ,1994,959.46045
Equatorial Guinea,GNQ,1995,832.1753
Equatorial Guinea,GNQ,1996,725.1269
Equatorial Guinea,GNQ,1997,601.28784
Equatorial Guinea,GNQ,1998,553.3341
Equatorial Guinea,GNQ,1999,480.76474
Equatorial Guinea,GNQ,2000,426.62885
Equatorial Guinea,GNQ,2001,390.08923
Equatorial Guinea,GNQ,2002,350.58472
Equatorial Guinea,GNQ,2003,317.4835
Equatorial Guinea,GNQ,2004,285.58295
Equatorial Guinea,GNQ,2005,258.22607
Equatorial Guinea,GNQ,2006,240.77478
Equatorial Guinea,GNQ,2007,233.52266
Equatorial Guinea,GNQ,2008,230.67097
Equatorial Guinea,GNQ,2009,230.28728
Equatorial Guinea,GNQ,2010,211.2908
Equatorial Guinea,GNQ,2011,194.37718
Equatorial Guinea,GNQ,2012,179.15555
Equatorial Guinea,GNQ,2013,187.4345
Equatorial Guinea,GNQ,2014,206.84933
Equatorial Guinea,GNQ,2015,201.02446
Equatorial Guinea,GNQ,2016,182.39363
Equatorial Guinea,GNQ,2017,197.0119
Equatorial Guinea,GNQ,2018,219.04198
Equatorial Guinea,GNQ,2019,216.35484
Equatorial Guinea,GNQ,2020,212.3303
Eritrea,ERI,1990,1318.9253
Eritrea,ERI,1991,1184.3184
Eritrea,ERI,1992,1080.2192
Eritrea,ERI,1993,1024.4764
Eritrea,ERI,1994,939.79816
Eritrea,ERI,1995,875.9409
Eritrea,ERI,1996,808.0011
Eritrea,ERI,1997,747.0571
Eritrea,ERI,1998,820.10205
Eritrea,ERI,1999,813.5828
Eritrea,ERI,2000,734.59265
Eritrea,ERI,2001,654.1256
Eritrea,ERI,2002,642.7862
Eritrea,ERI,2003,619.2434
Eritrea,ERI,2004,575.06354
Eritrea,ERI,2005,545.9752
Eritrea,ERI,2006,522.1139
Eritrea,ERI,2007,520.644
Eritrea,ERI,2008,529.413
Eritrea,ERI,2009,481.07257
Eritrea,ERI,2010,479.74863
Eritrea,ERI,2011,454.44748
Eritrea,ERI,2012,421.9479
Eritrea,ERI,2013,420.32104
Eritrea,ERI,2014,397.7997
Eritrea,ERI,2015,398.5272
Eritrea,ERI,2016,388.6359
Eritrea,ERI,2017,358.56796
Eritrea,ERI,2018,337.75058
Eritrea,ERI,2019,331.53104
Eritrea,ERI,2020,321.55072
Estonia,EST,1990,42.007114
Estonia,EST,1991,38.816086
Estonia,EST,1992,41.159145
Estonia,EST,1993,38.922024
Estonia,EST,1994,43.45562
Estonia,EST,1995,38.14433
Estonia,EST,1996,35.54729
Estonia,EST,1997,31.711895
Estonia,EST,1998,33.159054
Estonia,EST,1999,28.719252
Estonia,EST,2000,24.849953
Estonia,EST,2001,22.342983
Estonia,EST,2002,20.451153
Estonia,EST,2003,18.531036
Estonia,EST,2004,15.061834
Estonia,EST,2005,13.020889
Estonia,EST,2006,10.906229
Estonia,EST,2007,11.133658
Estonia,EST,2008,9.989891
Estonia,EST,2009,9.040399
Estonia,EST,2010,8.112171
Estonia,EST,2011,7.6188817
Estonia,EST,2012,7.55165
Estonia,EST,2013,7.118568
Estonia,EST,2014,6.5377855
Estonia,EST,2015,6.1233563
Estonia,EST,2016,5.8103323
Estonia,EST,2017,5.605207
Estonia,EST,2018,5.368494
Estonia,EST,2019,5.065453
Estonia,EST,2020,5.179642
Ethiopia,ETH,1990,1236.3136
Ethiopia,ETH,1991,1168.7079
Ethiopia,ETH,1992,1151.3756
Ethiopia,ETH,1993,1116.5876
Ethiopia,ETH,1994,1081.6609
Ethiopia,ETH,1995,1051.619
Ethiopia,ETH,1996,1017.62695
Ethiopia,ETH,1997,947.119
Ethiopia,ETH,1998,939.5823
Ethiopia,ETH,1999,977.9337
Ethiopia,ETH,2000,952.8363
Ethiopia,ETH,2001,955.1063
Ethiopia,ETH,2002,960.46564
Ethiopia,ETH,2003,906.1197
Ethiopia,ETH,2004,900.3782
Ethiopia,ETH,2005,879.8557
Ethiopia,ETH,2006,814.15686
Ethiopia,ETH,2007,780.3
Ethiopia,ETH,2008,724.7076
Ethiopia,ETH,2009,683.8136
Ethiopia,ETH,2010,634.7145
Ethiopia,ETH,2011,603.1648
Ethiopia,ETH,2012,543.31885
Ethiopia,ETH,2013,498.45016
Ethiopia,ETH,2014,447.35577
Ethiopia,ETH,2015,399.17053
Ethiopia,ETH,2016,355.66284
Ethiopia,ETH,2017,348.31128
Ethiopia,ETH,2018,311.85242
Ethiopia,ETH,2019,294.02185
Ethiopia,ETH,2020,266.68954
Finland,FIN,1990,6.5478663
Finland,FIN,1991,6.2935176
Finland,FIN,1992,6.5421877
Finland,FIN,1993,6.2979918
Finland,FIN,1994,6.09864
Finland,FIN,1995,6.340075
Finland,FIN,1996,6.4489136
Finland,FIN,1997,7.0429463
Finland,FIN,1998,6.803001
Finland,FIN,1999,6.8547277
Finland,FIN,2000,7.4592566
Finland,FIN,2001,7.2910647
Finland,FIN,2002,7.354912
Finland,FIN,2003,7.006951
Finland,FIN,2004,7.2630434
Finland,FIN,2005,7.73781
Finland,FIN,2006,6.6879883
Finland,FIN,2007,7.045485
Finland,FIN,2008,6.9864616
Finland,FIN,2009,7.3407574
Finland,FIN,2010,7.0242662
Finland,FIN,2011,6.751603
Finland,FIN,2012,7.320114
Finland,FIN,2013,7.4593997
Finland,FIN,2014,6.800081
Finland,FIN,2015,7.2605596
Finland,FIN,2016,7.813895
Finland,FIN,2017,7.290203
Finland,FIN,2018,7.6740785
Finland,FIN,2019,8.533533
Finland,FIN,2020,8.3389015
Ghana,GHA,1990,708.8897
Ghana,GHA,1991,692.8265
Ghana,GHA,1992,653.7135
Ghana,GHA,1993,665.4481
Ghana,GHA,1994,648.66394
Ghana,GHA,1995,623.1522
Ghana,GHA,1996,579.23596
Ghana,GHA,1997,552.18896
Ghana,GHA,1998,534.2244
Ghana,GHA,1999,510.05423
Ghana,GHA,2000,498.9074
Ghana,GHA,2001,469.95096
Ghana,GHA,2002,443.01547
Ghana,GHA,2003,423.5165
Ghana,GHA,2004,420.372
Ghana,GHA,2005,389.7518
Ghana,GHA,2006,364.66812
Ghana,GHA,2007,353.89215
Ghana,GHA,2008,353.70612
Ghana,GHA,2009,337.1938
Ghana,GHA,2010,336.93735
Ghana,GHA,2011,317.46487
Ghana,GHA,2012,305.33917
Ghana,GHA,2013,305.30823
Ghana,GHA,2014,286.29742
Ghana,GHA,2015,285.77322
Ghana,GHA,2016,258.11935
Ghana,GHA,2017,273.88803
Ghana,GHA,2018,272.81525
Ghana,GHA,2019,243.84125
Ghana,GHA,2020,263.10858
Greece,GRC,1990,5.1178155
Greece,GRC,1991,4.95879
Greece,GRC,1992,4.830873
Greece,GRC,1993,4.585484
Greece,GRC,1994,4.430798
Greece,GRC,1995,4.3531823
Greece,GRC,1996,4.1684527
Greece,GRC,1997,4.0471244
Greece,GRC,1998,4.1022816
Greece,GRC,1999,4.0266824
Greece,GRC,2000,3.8492632
Greece,GRC,2001,3.6329842
Greece,GRC,2002,3.550417
Greece,GRC,2003,3.5544825
Greece,GRC,2004,3.3758152
Greece,GRC,2005,3.2105548
Greece,GRC,2006,3.1836684
Greece,GRC,2007,3.2781405
Greece,GRC,2008,3.14202
Greece,GRC,2009,3.1733484
Greece,GRC,2010,3.4314737
Greece,GRC,2011,3.765787
Greece,GRC,2012,4.3121324
Greece,GRC,2013,4.4869924
Greece,GRC,2014,4.8072605
Greece,GRC,2015,5.363148
Greece,GRC,2016,5.347466
Greece,GRC,2017,5.8493357
Greece,GRC,2018,5.6988354
Greece,GRC,2019,5.9618406
Greece,GRC,2020,7.654345
Grenada,GRD,1990,47.064632
Grenada,GRD,1991,46.528103
Grenada,GRD,1992,43.521393
Grenada,GRD,1993,58.291153
Grenada,GRD,1994,57.20887
Grenada,GRD,1995,54.842762
Grenada,GRD,1996,53.456512
Grenada,GRD,1997,52.075367
Grenada,GRD,1998,42.16505
Grenada,GRD,1999,40.157166
Grenada,GRD,2000,42.08908
Grenada,GRD,2001,40.313377
Grenada,GRD,2002,36.44208
Grenada,GRD,2003,34.22533
Grenada,GRD,2004,40.934853
Grenada,GRD,2005,31.876814
Grenada,GRD,2006,30.139883
Grenada,GRD,2007,29.151403
Grenada,GRD,2008,28.566446
Grenada,GRD,2009,27.083403
Grenada,GRD,2010,27.34111
Grenada,GRD,2011,26.811357
Grenada,GRD,2012,26.12254
Grenada,GRD,2013,25.215073
Grenada,GRD,2014,24.373041
Grenada,GRD,2015,23.367414
Grenada,GRD,2016,23.193838
Grenada,GRD,2017,23.78117
Grenada,GRD,2018,21.082874
Grenada,GRD,2019,20.484573
Grenada,GRD,2020,21.13829
India,IND,1990,498.04086
India,IND,1991,486.91403
India,IND,1992,482.33136
India,IND,1993,481.89944
India,IND,1994,444.02795
India,IND,1995,439.93512
India,IND,1996,439.49313
India,IND,1997,436.3723
India,IND,1998,403.52618
India,IND,1999,398.99048
India,IND,2000,384.44766
India,IND,2001,371.2746
India,IND,2002,329.44482
India,IND,2003,315.37613
India,IND,2004,301.25327
India,IND,2005,285.7306
India,IND,2006,248.1678
India,IND,2007,233.98418
India,IND,2008,220.52026
India,IND,2009,207.09816
India,IND,2010,178.68156
India,IND,2011,169.90392
India,IND,2012,161.75648
India,IND,2013,154.24477
India,IND,2014,134.85806
India,IND,2015,127.67558
India,IND,2016,121.169075
India,IND,2017,118.66109
India,IND,2018,115.7112
India,IND,2019,116.38938
India,IND,2020,102.653915
Iran,IRN,1990,76.61473
Iran,IRN,1991,72.03216
Iran,IRN,1992,67.30126
Iran,IRN,1993,61.792774
Iran,IRN,1994,59.861526
Iran,IRN,1995,59.880753
Iran,IRN,1996,55.49371
Iran,IRN,1997,53.54683
Iran,IRN,1998,52.052322
Iran,IRN,1999,45.026962
Iran,IRN,2000,43.504265
Iran,IRN,2001,42.077885
Iran,IRN,2002,41.0059
Iran,IRN,2003,40.898182
Iran,IRN,2004,37.961914
Iran,IRN,2005,30.224026
Iran,IRN,2006,29.512062
Iran,IRN,2007,28.57518
Iran,IRN,2008,32.807003
Iran,IRN,2009,36.52495
Iran,IRN,2010,31.569935
Iran,IRN,2011,25.865252
Iran,IRN,2012,22.783613
Iran,IRN,2013,23.467667
Iran,IRN,2014,20.895805
Iran,IRN,2015,20.060368
Iran,IRN,2016,19.817562
Iran,IRN,2017,18.459864
Iran,IRN,2018,17.439306
Iran,IRN,2019,20.87619
Iran,IRN,2020,22.018887
Iraq,IRQ,1990,260.68503
Iraq,IRQ,1991,208.97438
Iraq,IRQ,1992,165.93445
Iraq,IRQ,1993,164.4976
Iraq,IRQ,1994,164.8223
Iraq,IRQ,1995,165.60596
Iraq,IRQ,1996,172.4441
Iraq,IRQ,1997,177.22331
Iraq,IRQ,1998,185.40517
Iraq,IRQ,1999,146.68796
Iraq,IRQ,2000,116.938675
Iraq,IRQ,2001,115.04527
Iraq,IRQ,2002,112.28373
Iraq,IRQ,2003,118.26358
Iraq,IRQ,2004,118.45935
Iraq,IRQ,2005,115.6275
Iraq,IRQ,2006,122.30174
Iraq,IRQ,2007,127.83975
Iraq,IRQ,2008,130.5476
Iraq,IRQ,2009,125.899216
Iraq,IRQ,2010,114.87607
Iraq,IRQ,2011,111.30041
Iraq,IRQ,2012,111.07641
Iraq,IRQ,2013,109.778786
Iraq,IRQ,2014,98.37459
Iraq,IRQ,2015,101.93897
Iraq,IRQ,2016,84.63409
Iraq,IRQ,2017,77.688286
Iraq,IRQ,2018,71.92842
Iraq,IRQ,2019,72.77916
Iraq,IRQ,2020,76.11046
Japan,JPN,1990,12.952931
Japan,JPN,1991,12.023006
Japan,JPN,1992,11.6845045
Japan,JPN,1993,11.233443
Japan,JPN,1994,10.26744
Japan,JPN,1995,10.934374
Japan,JPN,1996,10.1290655
Japan,JPN,1997,9.956858
Japan,JPN,1998,9.68196
Japan,JPN,1999,9.265261
Japan,JPN,2000,8.5266905
Japan,JPN,2001,8.171035
Japan,JPN,2002,7.734637
Japan,JPN,2003,7.578361
Japan,JPN,2004,7.32104
Japan,JPN,2005,7.1847477
Japan,JPN,2006,6.570765
Japan,JPN,2007,6.1656632
Japan,JPN,2008,6.0112367
Japan,JPN,2009,5.8817625
Japan,JPN,2010,5.6569533
Japan,JPN,2011,5.485936
Japan,JPN,2012,5.3021398
Japan,JPN,2013,5.137456
Japan,JPN,2014,5.1016607
Japan,JPN,2015,4.8472843
Japan,JPN,2016,4.870245
Japan,JPN,2017,5.0599184
Japan,JPN,2018,5.194234
Japan,JPN,2019,4.248915
Japan,JPN,2020,4.3149095
Kazakhstan,KAZ,1990,83.22748
Kazakhstan,KAZ,1991,86.2613
Kazakhstan,KAZ,1992,82.07255
Kazakhstan,KAZ,1993,80.57572
Kazakhstan,KAZ,1994,75.18608
Kazakhstan,KAZ,1995,76.56846
Kazakhstan,KAZ,1996,70.79228
Kazakhstan,KAZ,1997,70.61854
Kazakhstan,KAZ,1998,66.592186
Kazakhstan,KAZ,1999,61.735622
Kazakhstan,KAZ,2000,56.33923
Kazakhstan,KAZ,2001,51.673588
Kazakhstan,KAZ,2002,49.172237
Kazakhstan,KAZ,2003,41.720623
Kazakhstan,KAZ,2004,35.987766
Kazakhstan,KAZ,2005,35.530624
Kazakhstan,KAZ,2006,30.565393
Kazakhstan,KAZ,2007,28.015612
Kazakhstan,KAZ,2008,25.931658
Kazakhstan,KAZ,2009,23.011576
Kazakhstan,KAZ,2010,19.637888
Kazakhstan,KAZ,2011,16.888693
Kazakhstan,KAZ,2012,14.411955
Kazakhstan,KAZ,2013,13.010822
Kazakhstan,KAZ,2014,12.988152
Kazakhstan,KAZ,2015,12.553682
Kazakhstan,KAZ,2016,13.402437
Kazakhstan,KAZ,2017,13.40551
Kazakhstan,KAZ,2018,13.802158
Kazakhstan,KAZ,2019,14.016989
Kazakhstan,KAZ,2020,13.383632
Kenya,KEN,1990,582.9607
Kenya,KEN,1991,565.5924
Kenya,KEN,1992,574.0339
Kenya,KEN,1993,562.82745
Kenya,KEN,1994,553.1697
Kenya,KEN,1995,563.506
Kenya,KEN,1996,560.80597
Kenya,KEN,1997,535.7814
Kenya,KEN,1998,542.9589
Kenya,KEN,1999,547.4636
Kenya,KEN,2000,563.7612
Kenya,KEN,2001,567.1442
Kenya,KEN,2002,536.33777
Kenya,KEN,2003,525.45636
Kenya,KEN,2004,504.09488
Kenya,KEN,2005,503.43677
Kenya,KEN,2006,493.36142
Kenya,KEN,2007,494.0975
Kenya,KEN,2008,483.50565
Kenya,KEN,2009,464.1277
Kenya,KEN,2010,475.5001
Kenya,KEN,2011,472.805
Kenya,KEN,2012,476.98462
Kenya,KEN,2013,516.2126
Kenya,KEN,2014,506.8487
Kenya,KEN,2015,482.9714
Kenya,KEN,2016,504.67444
Kenya,KEN,2017,489.94156
Kenya,KEN,2018,511.50998
Kenya,KEN,2019,502.91656
Kenya,KEN,2020,529.9623
Lebanon,LBN,1990,56.130527
Lebanon,LBN,1991,42.125854
Lebanon,LBN,1992,43.175564
Lebanon,LBN,1993,42.35518
Lebanon,LBN,1994,39.025078
Lebanon,LBN,1995,39.846077
Lebanon,LBN,1996,39.309334
Lebanon,LBN,1997,33.574818
Lebanon,LBN,1998,33.949516
Lebanon,LBN,1999,33.022003
Lebanon,LBN,2000,31.917574
Lebanon,LBN,2001,27.478626
Lebanon,LBN,2002,25.055334
Lebanon,LBN,2003,25.094446
Lebanon,LBN,2004,24.598488
Lebanon,LBN,2005,24.615446
Lebanon,LBN,2006,21.07721
Lebanon,LBN,2007,19.888842
Lebanon,LBN,2008,19.412743
Lebanon,LBN,2009,18.738405
Lebanon,LBN,2010,17.993435
Lebanon,LBN,2011,19.745079
Lebanon,LBN,2012,19.543291
Lebanon,LBN,2013,19.816673
Lebanon,LBN,2014,19.5172
Lebanon,LBN,2015,19.419146
Lebanon,LBN,2016,19.19316
Lebanon,LBN,2017,19.440784
Lebanon,LBN,2018,17.85494
Lebanon,LBN,2019,19.592762
Lebanon,LBN,2020,20.624624
Liberia,LBR,1990,1553.0199
Liberia,LBR,1991,1435.8054
Liberia,LBR,1992,1525.3835
Liberia,LBR,1993,1618.819
Liberia,LBR,1994,1723.4918
Liberia,LBR,1995,1524.3645
Liberia,LBR,1996,1392.1243
Liberia,LBR,1997,1074.047
Liberia,LBR,1998,962.5152
Liberia,LBR,1999,859.25085
Liberia,LBR,2000,777.4341
Liberia,LBR,2001,746.8344
Liberia,LBR,2002,758.3454
Liberia,LBR,2003,805.13116
Liberia,LBR,2004,699.789
Liberia,LBR,2005,676.47394
Liberia,LBR,2006,664.4995
Liberia,LBR,2007,662.79626
Liberia,LBR,2008,632.34186
Liberia,LBR,2009,638.0246
Liberia,LBR,2010,634.17914
Liberia,LBR,2011,643.5707
Liberia,LBR,2012,643.5407
Liberia,LBR,2013,631.61945
Liberia,LBR,2014,775.90894
Liberia,LBR,2015,685.5917
Liberia,LBR,2016,627.5487
Liberia,LBR,2017,661.1336
Liberia,LBR,2018,683.75757
Liberia,LBR,2019,667.96204
Liberia,LBR,2020,652.33875
Madagascar,MDG,1990,733.5919
Madagascar,MDG,1991,725.6066
Madagascar,MDG,1992,688.1259
Madagascar,MDG,1993,669.4092
Madagascar,MDG,1994,658.5387
Madagascar,MDG,1995,652.0999
Madagascar,MDG,1996,645.314
Madagascar,MDG,1997,652.0276
Madagascar,MDG,1998,627.6648
Madagascar,MDG,1999,645.5212
Madagascar,MDG,2000,658.1073
Madagascar,MDG,2001,627.18304
Madagascar,MDG,2002,636.6128
Madagascar,MDG,2003,625.6385
Madagascar,MDG,2004,597.78485
Madagascar,MDG,2005,567.53186
Madagascar,MDG,2006,537.31195
Madagascar,MDG,2007,520.8265
Madagascar,MDG,2008,526.3761
Madagascar,MDG,2009,507.06314
Madagascar,MDG,2010,496.79602
Madagascar,MDG,2011,484.4261
Madagascar,MDG,2012,475.98773
Madagascar,MDG,2013,454.5967
Madagascar,MDG,2014,467.3091
Madagascar,MDG,2015,481.62827
Madagascar,MDG,2016,446.81296
Madagascar,MDG,2017,423.24905
Madagascar,MDG,2018,423.27182
Madagascar,MDG,2019,397.63773
Madagascar,MDG,2020,391.51694
Malawi,MWI,1990,970.773
Malawi,MWI,1991,960.12286
Malawi,MWI,1992,944.6154
Malawi,MWI,1993,897.781
Malawi,MWI,1994,827.1968
Malawi,MWI,1995,721.4632
Malawi,MWI,1996,681.5227
Malawi,MWI,1997,650.07294
Malawi,MWI,1998,627.6339
Malawi,MWI,1999,588.5702
Malawi,MWI,2000,573.4621
Malawi,MWI,2001,530.91016
Malawi,MWI,2002,489.9203
Malawi,MWI,2003,445.13885
Malawi,MWI,2004,386.0412
Malawi,MWI,2005,346.92465
Malawi,MWI,2006,326.36734
Malawi,MWI,2007,351.5679
Malawi,MWI,2008,419.64944
Malawi,MWI,2009,475.54715
Malawi,MWI,2010,512.93066
Malawi,MWI,2011,495.72153
Malawi,MWI,2012,502.26822
Malawi,MWI,2013,472.59488
Malawi,MWI,2014,442.2544
Malawi,MWI,2015,444.93643
Malawi,MWI,2016,430.3386
Malawi,MWI,2017,374.87863
Malawi,MWI,2018,391.79285
Malawi,MWI,2019,370.2439
Malawi,MWI,2020,380.66992
Malaysia,MYS,1990,48.63973
Malaysia,MYS,1991,47.339516
Malaysia,MYS,1992,46.14511
Malaysia,MYS,1993,45.251053
Malaysia,MYS,1994,43.644753
Malaysia,MYS,1995,39.785507
Malaysia,MYS,1996,40.579224
Malaysia,MYS,1997,41.25739
Malaysia,MYS,1998,42.79704
Malaysia,MYS,1999,39.95925
Malaysia,MYS,2000,39.746914
Malaysia,MYS,2001,35.712875
Malaysia,MYS,2002,36.471825
Malaysia,MYS,2003,32.073742
Malaysia,MYS,2004,32.545483
Malaysia,MYS,2005,32.148182
Malaysia,MYS,2006,32.000862
Malaysia,MYS,2007,28.031832
Malaysia,MYS,2008,30.478783
Malaysia,MYS,2009,29.52574
Malaysia,MYS,2010,25.47596
Malaysia,MYS,2011,24.052956
Malaysia,MYS,2012,23.545338
Malaysia,MYS,2013,23.085323
Malaysia,MYS,2014,22.531124
Malaysia,MYS,2015,22.337494
Malaysia,MYS,2016,21.93931
Malaysia,MYS,2017,21.615051
Malaysia,MYS,2018,21.516418
Malaysia,MYS,2019,21.580317
Malaysia,MYS,2020,21.131931
Maldives,MDV,1990,236.3633
Maldives,MDV,1991,204.05632
Maldives,MDV,1992,187.55286
Maldives,MDV,1993,166.82156
Maldives,MDV,1994,164.35703
Maldives,MDV,1995,144.20232
Maldives,MDV,1996,144.76906
Maldives,MDV,1997,132.313
Maldives,MDV,1998,114.75022
Maldives,MDV,1999,119.56656
Maldives,MDV,2000,114.33164
Maldives,MDV,2001,96.28694
Maldives,MDV,2002,83.62166
Maldives,MDV,2003,79.969284
Maldives,MDV,2004,78.96767
Maldives,MDV,2005,78.75982
Maldives,MDV,2006,77.439445
Maldives,MDV,2007,66.192726
Maldives,MDV,2008,68.820015
Maldives,MDV,2009,68.37898
Maldives,MDV,2010,59.786633
Maldives,MDV,2011,59.978523
Maldives,MDV,2012,51.62238
Maldives,MDV,2013,48.653557
Maldives,MDV,2014,56.31064
Maldives,MDV,2015,56.908337
Maldives,MDV,2016,51.011383
Maldives,MDV,2017,45.80795
Maldives,MDV,2018,48.531975
Maldives,MDV,2019,50.324753
Maldives,MDV,2020,56.6938
Malta,MLT,1990,13.591416
Malta,MLT,1991,15.611333
Malta,MLT,1992,16.43862
Malta,MLT,1993,12.206895
Malta,MLT,1994,13.666872
Malta,MLT,1995,10.478047
Malta,MLT,1996,12.095976
Malta,MLT,1997,11.861476
Malta,MLT,1998,10.793886
Malta,MLT,1999,11.043801
Malta,MLT,2000,10.484325
Malta,MLT,2001,9.249344
Malta,MLT,2002,9.629477
Malta,MLT,2003,9.00517
Malta,MLT,2004,8.408271
Malta,MLT,2005,7.636344
Malta,MLT,2006,7.2208495
Malta,MLT,2007,6.653972
Malta,MLT,2008,6.5702777
Malta,MLT,2009,5.7102656
Malta,MLT,2010,5.3201547
Malta,MLT,2011,6.116447
Malta,MLT,2012,5.0076056
Malta,MLT,2013,4.4775925
Malta,MLT,2014,4.409492
Malta,MLT,2015,4.1962886
Malta,MLT,2016,3.2998312
Malta,MLT,2017,3.7822363
Malta,MLT,2018,4.053976
Malta,MLT,2019,4.0504026
Malta,MLT,2020,2.8927798
Mayotte,MYT,2012,13.078734
Mayotte,MYT,2013,12.602394
Mayotte,MYT,2014,23.691069
Mayotte,MYT,2015,22.141039
Mayotte,MYT,2016,21.208908
Mexico,MEX,1990,81.17447
Mexico,MEX,1991,73.19297
Mexico,MEX,1992,71.1541
Mexico,MEX,1993,69.957565
Mexico,MEX,1994,63.75732
Mexico,MEX,1995,63.268612
Mexico,MEX,1996,62.977093
Mexico,MEX,1997,63.01261
Mexico,MEX,1998,57.43372
Mexico,MEX,1999,56.57155
Mexico,MEX,2000,56.53202
Mexico,MEX,2001,56.735672
Mexico,MEX,2002,56.87764
Mexico,MEX,2003,52.07416
Mexico,MEX,2004,52.614697
Mexico,MEX,2005,53.333107
Mexico,MEX,2006,54.39739
Mexico,MEX,2007,55.842422
Mexico,MEX,2008,56.826656
Mexico,MEX,2009,51.42725
Mexico,MEX,2010,51.22866
Mexico,MEX,2011,50.28834
Mexico,MEX,2012,49.23353
Mexico,MEX,2013,48.885983
Mexico,MEX,2014,49.56949
Mexico,MEX,2015,52.026676
Mexico,MEX,2016,49.076176
Mexico,MEX,2017,52.33693
Mexico,MEX,2018,55.528206
Mexico,MEX,2019,57.969803
Mexico,MEX,2020,59.125072
Moldova,MDA,1990,56.90652
Moldova,MDA,1991,66.79278
Moldova,MDA,1992,56.162815
Moldova,MDA,1993,63.162273
Moldova,MDA,1994,78.082695
Moldova,MDA,1995,70.31112
Moldova,MDA,1996,81.31419
Moldova,MDA,1997,71.18193
Moldova,MDA,1998,71.07261
Moldova,MDA,1999,56.22207
Moldova,MDA,2000,48.906372
Moldova,MDA,2001,43.634045
Moldova,MDA,2002,40.18088
Moldova,MDA,2003,34.173218
Moldova,MDA,2004,28.234964
Moldova,MDA,2005,30.099743
Moldova,MDA,2006,26.575474
Moldova,MDA,2007,23.428791
Moldova,MDA,2008,20.717295
Moldova,MDA,2009,18.54885
Moldova,MDA,2010,18.127445
Moldova,MDA,2011,18.066242
Moldova,MDA,2012,17.51796
Moldova,MDA,2013,17.226341
Moldova,MDA,2014,17.859064
Moldova,MDA,2015,16.70353
Moldova,MDA,2016,15.001223
Moldova,MDA,2017,14.693234
Moldova,MDA,2018,14.480334
Moldova,MDA,2019,12.095168
Moldova,MDA,2020,12.264771
Montenegro,MNE,1990,7.4293604
Montenegro,MNE,1991,7.291913
Montenegro,MNE,1992,9.019996
Montenegro,MNE,1993,9.115102
Montenegro,MNE,1994,13.241377
Montenegro,MNE,1995,11.476863
Montenegro,MNE,1996,12.423954
Montenegro,MNE,1997,11.645631
Montenegro,MNE,1998,11.276075
Montenegro,MNE,1999,12.646858
Montenegro,MNE,2000,10.530458
Montenegro,MNE,2001,9.469544
Montenegro,MNE,2002,9.413641
Montenegro,MNE,2003,9.392581
Montenegro,MNE,2004,9.387552
Montenegro,MNE,2005,9.6171055
Montenegro,MNE,2006,9.429442
Montenegro,MNE,2007,8.07606
Montenegro,MNE,2008,8.361487
Montenegro,MNE,2009,8.39503
Montenegro,MNE,2010,7.191556
Montenegro,MNE,2011,6.9696827
Montenegro,MNE,2012,7.1883273
Montenegro,MNE,2013,6.4713683
Montenegro,MNE,2014,6.094408
Montenegro,MNE,2015,6.114909
Montenegro,MNE,2016,5.8819156
Montenegro,MNE,2017,5.4567614
Montenegro,MNE,2018,5.3853955
Montenegro,MNE,2019,5.816906
Montenegro,MNE,2020,6.174434
Morocco,MAR,1990,460.8105
Morocco,MAR,1991,434.06555
Morocco,MAR,1992,391.00613
Morocco,MAR,1993,383.66205
Morocco,MAR,1994,344.48062
Morocco,MAR,1995,336.878
Morocco,MAR,1996,325.678
Morocco,MAR,1997,292.40466
Morocco,MAR,1998,284.08047
Morocco,MAR,1999,278.88507
Morocco,MAR,2000,244.20961
Morocco,MAR,2001,236.54042
Morocco,MAR,2002,226.96567
Morocco,MAR,2003,216.56816
Morocco,MAR,2004,209.06679
Morocco,MAR,2005,194.21167
Morocco,MAR,2006,179.46184
Morocco,MAR,2007,167.3513
Morocco,MAR,2008,155.84262
Morocco,MAR,2009,144.11427
Morocco,MAR,2010,133.86673
Morocco,MAR,2011,121.727646
Morocco,MAR,2012,113.17538
Morocco,MAR,2013,106.16503
Morocco,MAR,2014,101.70157
Morocco,MAR,2015,96.5807
Morocco,MAR,2016,85.29573
Morocco,MAR,2017,80.349815
Morocco,MAR,2018,78.01027
Morocco,MAR,2019,76.35814
Morocco,MAR,2020,71.85186
Mozambique,MOZ,1990,927.476
Mozambique,MOZ,1991,909.48737
Mozambique,MOZ,1992,891.421
Mozambique,MOZ,1993,870.2242
Mozambique,MOZ,1994,865.24005
Mozambique,MOZ,1995,828.58124
Mozambique,MOZ,1996,749.99695
Mozambique,MOZ,1997,713.60516
Mozambique,MOZ,1998,638.94006
Mozambique,MOZ,1999,582.8053
Mozambique,MOZ,2000,532.0995
Mozambique,MOZ,2001,500.75058
Mozambique,MOZ,2002,460.7372
Mozambique,MOZ,2003,441.60684
Mozambique,MOZ,2004,419.90707
Mozambique,MOZ,2005,403.92914
Mozambique,MOZ,2006,389.58057
Mozambique,MOZ,2007,378.8648
Mozambique,MOZ,2008,374.20584
Mozambique,MOZ,2009,355.12286
Mozambique,MOZ,2010,321.54102
Mozambique,MOZ,2011,296.3686
Mozambique,MOZ,2012,271.30936
Mozambique,MOZ,2013,240.91083
Mozambique,MOZ,2014,241.03159
Mozambique,MOZ,2015,225.88565
Mozambique,MOZ,2016,193.98991
Mozambique,MOZ,2017,177.31062
Mozambique,MOZ,2018,160.25722
Mozambique,MOZ,2019,149.91914
Mozambique,MOZ,2020,127.11053
Myanmar,MMR,1990,544.0909
Myanmar,MMR,1991,527.47784
Myanmar,MMR,1992,490.22076
Myanmar,MMR,1993,467.16876
Myanmar,MMR,1994,457.14047
Myanmar,MMR,1995,453.5296
Myanmar,MMR,1996,389.8533
Myanmar,MMR,1997,383.74826
Myanmar,MMR,1998,360.02734
Myanmar,MMR,1999,368.65106
Myanmar,MMR,2000,371.41534
Myanmar,MMR,2001,323.11154
Myanmar,MMR,2002,319.47034
Myanmar,MMR,2003,315.83017
Myanmar,MMR,2004,325.7543
Myanmar,MMR,2005,321.16553
Myanmar,MMR,2006,331.80118
Myanmar,MMR,2007,317.9523
Myanmar,MMR,2008,289.5297
Myanmar,MMR,2009,280.3373
Myanmar,MMR,2010,292.7042
Myanmar,MMR,2011,278.5581
Myanmar,MMR,2012,284.53702
Myanmar,MMR,2013,267.71646
Myanmar,MMR,2014,262.431
Myanmar,MMR,2015,242.86082
Myanmar,MMR,2016,241.7926
Myanmar,MMR,2017,237.84758
Myanmar,MMR,2018,214.53392
Myanmar,MMR,2019,212.97035
Myanmar,MMR,2020,178.67436
Namibia,NAM,1990,265.95844
Namibia,NAM,1991,279.40265
Namibia,NAM,1992,301.1828
Namibia,NAM,1993,304.7925
Namibia,NAM,1994,322.72406
Namibia,NAM,1995,335.79324
Namibia,NAM,1996,363.3383
Namibia,NAM,1997,376.40765
Namibia,NAM,1998,401.13464
Namibia,NAM,1999,415.31
Namibia,NAM,2000,450.28287
Namibia,NAM,2001,449.89893
Namibia,NAM,2002,446.50183
Namibia,NAM,2003,450.9599
Namibia,NAM,2004,401.82993
Namibia,NAM,2005,418.947
Namibia,NAM,2006,420.31012
Namibia,NAM,2007,427.1051
Namibia,NAM,2008,432.95297
Namibia,NAM,2009,459.37207
Namibia,NAM,2010,481.63083
Namibia,NAM,2011,414.0936
Namibia,NAM,2012,361.99036
Namibia,NAM,2013,333.89105
Namibia,NAM,2014,306.28162
Namibia,NAM,2015,299.00534
Namibia,NAM,2016,246.27785
Namibia,NAM,2017,227.90974
Namibia,NAM,2018,217.95181
Namibia,NAM,2019,222.95572
Namibia,NAM,2020,214.63507
Nepal,NPL,1990,961.23145
Nepal,NPL,1991,855.7299
Nepal,NPL,1992,812.86755
Nepal,NPL,1993,736.39154
Nepal,NPL,1994,703.46094
Nepal,NPL,1995,680.8059
Nepal,NPL,1996,628.12476
Nepal,NPL,1997,583.32477
Nepal,NPL,1998,543.05707
Nepal,NPL,1999,538.4902
Nepal,NPL,2000,503.98138
Nepal,NPL,2001,484.11963
Nepal,NPL,2002,465.74948
Nepal,NPL,2003,437.71216
Nepal,NPL,2004,391.70654
Nepal,NPL,2005,380.3898
Nepal,NPL,2006,357.87592
Nepal,NPL,2007,354.5907
Nepal,NPL,2008,343.52542
Nepal,NPL,2009,338.38107
Nepal,NPL,2010,349.205
Nepal,NPL,2011,294.896
Nepal,NPL,2012,287.71817
Nepal,NPL,2013,260.78555
Nepal,NPL,2014,253.1996
Nepal,NPL,2015,251.80217
Nepal,NPL,2016,223.83994
Nepal,NPL,2017,223.17316
Nepal,NPL,2018,201.15369
Nepal,NPL,2019,182.3197
Nepal,NPL,2020,174.41017
Niger,NER,1990,965.105
Niger,NER,1991,970.7429
Niger,NER,1992,919.3506
Niger,NER,1993,897.2573
Niger,NER,1994,884.1087
Niger,NER,1995,872.6756
Niger,NER,1996,861.614
Niger,NER,1997,856.50867
Niger,NER,1998,851.5182
Niger,NER,1999,866.1785
Niger,NER,2000,866.78577
Niger,NER,2001,877.8633
Niger,NER,2002,870.8206
Niger,NER,2003,862.93536
Niger,NER,2004,801.33795
Niger,NER,2005,767.86523
Niger,NER,2006,734.85236
Niger,NER,2007,704.18256
Niger,NER,2008,672.5556
Niger,NER,2009,644.33435
Niger,NER,2010,593.86383
Niger,NER,2011,575.77386
Niger,NER,2012,560.54944
Niger,NER,2013,535.59045
Niger,NER,2014,512.5029
Niger,NER,2015,490.62317
Niger,NER,2016,468.49017
Niger,NER,2017,433.04153
Niger,NER,2018,431.96274
Niger,NER,2019,409.6483
Niger,NER,2020,441.07254
Nigeria,NGA,1990,1208.8783
Nigeria,NGA,1991,1217.477
Nigeria,NGA,1992,1209.2257
Nigeria,NGA,1993,1189.8514
Nigeria,NGA,1994,1223.375
Nigeria,NGA,1995,1170.9703
Nigeria,NGA,1996,1174.1525
Nigeria,NGA,1997,1186.3306
Nigeria,NGA,1998,1219.5286
Nigeria,NGA,1999,1177.4515
Nigeria,NGA,2000,1147.5464
Nigeria,NGA,2001,1126.9464
Nigeria,NGA,2002,1112.0065
Nigeria,NGA,2003,1083.8367
Nigeria,NGA,2004,1088.1476
Nigeria,NGA,2005,1073.1342
Nigeria,NGA,2006,1070.8658
Nigeria,NGA,2007,1080.5189
Nigeria,NGA,2008,1099.4318
Nigeria,NGA,2009,1100.8939
Nigeria,NGA,2010,1122.6709
Nigeria,NGA,2011,1069.7505
Nigeria,NGA,2012,1087.4316
Nigeria,NGA,2013,1108.9802
Nigeria,NGA,2014,1135.2793
Nigeria,NGA,2015,1113.4033
Nigeria,NGA,2016,1129.1832
Nigeria,NGA,2017,1126.9093
Nigeria,NGA,2018,1135.4136
Nigeria,NGA,2019,1122.1133
Nigeria,NGA,2020,1047.2354
North Macedonia,MKD,1990,16.688248
North Macedonia,MKD,1991,14.249403
North Macedonia,MKD,1992,16.396431
North Macedonia,MKD,1993,15.890886
North Macedonia,MKD,1994,14.749082
North Macedonia,MKD,1995,15.64415
North Macedonia,MKD,1996,15.228162
North Macedonia,MKD,1997,14.040535
North Macedonia,MKD,1998,13.748552
North Macedonia,MKD,1999,13.430346
North Macedonia,MKD,2000,12.317949
North Macedonia,MKD,2001,11.552782
North Macedonia,MKD,2002,10.585774
North Macedonia,MKD,2003,10.472263
North Macedonia,MKD,2004,9.0776005
North Macedonia,MKD,2005,8.878761
North Macedonia,MKD,2006,8.086262
North Macedonia,MKD,2007,7.7804604
North Macedonia,MKD,2008,6.910201
North Macedonia,MKD,2009,7.1639237
North Macedonia,MKD,2010,6.322341
North Macedonia,MKD,2011,5.379643
North Macedonia,MKD,2012,4.8238373
North Macedonia,MKD,2013,4.101704
North Macedonia,MKD,2014,4.5802264
North Macedonia,MKD,2015,4.5166883
North Macedonia,MKD,2016,3.4385378
North Macedonia,MKD,2017,3.2915344
North Macedonia,MKD,2018,2.879425
North Macedonia,MKD,2019,3.0859964
North Macedonia,MKD,2020,3.0359654
Norway,NOR,1990,6.8902564
Norway,NOR,1991,6.6328454
Norway,NOR,1992,6.361337
Norway,NOR,1993,6.0930376
Norway,NOR,1994,5.968127
Norway,NOR,1995,5.7327538
Norway,NOR,1996,5.4963636
Norway,NOR,1997,5.3781476
Norway,NOR,1998,4.7903886
Norway,NOR,1999,5.6409454
Norway,NOR,2000,5.7301373
Norway,NOR,2001,5.2088013
Norway,NOR,2002,5.144488
Norway,NOR,2003,5.345357
Norway,NOR,2004,5.53192
Norway,NOR,2005,5.516508
Norway,NOR,2006,5.1504774
Norway,NOR,2007,4.9525437
Norway,NOR,2008,4.5072284
Norway,NOR,2009,4.272851
Norway,NOR,2010,4.020856
Norway,NOR,2011,3.8188903
Norway,NOR,2012,3.1926458
Norway,NOR,2013,3.1322637
Norway,NOR,2014,2.5823915
Norway,NOR,2015,2.4053063
Norway,NOR,2016,2.2324276
Norway,NOR,2017,2.1529326
Norway,NOR,2018,1.9932039
Norway,NOR,2019,1.9422734
Norway,NOR,2020,1.6637414
Oman,OMN,1990,23.014446
Oman,OMN,1991,21.317123
Oman,OMN,1992,21.456821
Oman,OMN,1993,20.206427
Oman,OMN,1994,20.479036
Oman,OMN,1995,19.472025
Oman,OMN,1996,20.40937
Oman,OMN,1997,20.74688
Oman,OMN,1998,18.28865
Oman,OMN,1999,19.477129
Oman,OMN,2000,19.78103
Oman,OMN,2001,20.038937
Oman,OMN,2002,21.822128
Oman,OMN,2003,19.75604
Oman,OMN,2004,20.426039
Oman,OMN,2005,19.726713
Oman,OMN,2006,20.936071
Oman,OMN,2007,22.109901
Oman,OMN,2008,21.244768
Oman,OMN,2009,20.63284
Oman,OMN,2010,18.09182
Oman,OMN,2011,17.320795
Oman,OMN,2012,16.759512
Oman,OMN,2013,16.185966
Oman,OMN,2014,15.588746
Oman,OMN,2015,15.072408
Oman,OMN,2016,14.676548
Oman,OMN,2017,15.189914
Oman,OMN,2018,15.868879
Oman,OMN,2019,15.588759
Oman,OMN,2020,17.006712
Pakistan,PAK,1990,356.22772
Pakistan,PAK,1991,360.7
Pakistan,PAK,1992,414.19614
Pakistan,PAK,1993,457.44208
Pakistan,PAK,1994,462.91226
Pakistan,PAK,1995,484.248
Pakistan,PAK,1996,464.83377
Pakistan,PAK,1997,445.2058
Pakistan,PAK,1998,428.93994
Pakistan,PAK,1999,390.91287
Pakistan,PAK,2000,387.37146
Pakistan,PAK,2001,373.34973
Pakistan,PAK,2002,358.77646
Pakistan,PAK,2003,348.82376
Pakistan,PAK,2004,333.67294
Pakistan,PAK,2005,300.7507
Pakistan,PAK,2006,269.8116
Pakistan,PAK,2007,253.22789
Pakistan,PAK,2008,240.69696
Pakistan,PAK,2009,242.79724
Pakistan,PAK,2010,230.48474
Pakistan,PAK,2011,216.52812
Pakistan,PAK,2012,215.96562
Pakistan,PAK,2013,206.11624
Pakistan,PAK,2014,209.74379
Pakistan,PAK,2015,187.44429
Pakistan,PAK,2016,188.01143
Pakistan,PAK,2017,176.62277
Pakistan,PAK,2018,177.72769
Pakistan,PAK,2019,179.2679
Pakistan,PAK,2020,154.16394
Palestine,PSE,1990,86.13365
Palestine,PSE,1991,82.24019
Palestine,PSE,1992,79.245445
Palestine,PSE,1993,76.585365
Palestine,PSE,1994,71.635254
Palestine,PSE,1995,70.25044
Palestine,PSE,1996,66.053925
Palestine,PSE,1997,65.87622
Palestine,PSE,1998,62.31994
Palestine,PSE,1999,62.4779
Palestine,PSE,2000,62.027054
Palestine,PSE,2001,64.42453
Palestine,PSE,2002,63.534016
Palestine,PSE,2003,60.3523
Palestine,PSE,2004,60.107834
Palestine,PSE,2005,54.31418
Palestine,PSE,2006,54.416553
Palestine,PSE,2007,50.874065
Palestine,PSE,2008,49.528347
Palestine,PSE,2009,47.498085
Palestine,PSE,2010,43.44538
Palestine,PSE,2011,40.568314
Palestine,PSE,2012,35.569405
Palestine,PSE,2013,32.13379
Palestine,PSE,2014,30.101398
Palestine,PSE,2015,26.303114
Palestine,PSE,2016,24.435242
Palestine,PSE,2017,21.528212
Palestine,PSE,2018,20.956968
Palestine,PSE,2019,20.220203
Palestine,PSE,2020,20.434313
Panama,PAN,1990,90.13765
Panama,PAN,1991,83.92992
Panama,PAN,1992,82.4354
Panama,PAN,1993,79.97109
Panama,PAN,1994,77.29652
Panama,PAN,1995,75.93558
Panama,PAN,1996,68.644745
Panama,PAN,1997,67.75744
Panama,PAN,1998,66.34898
Panama,PAN,1999,64.96908
Panama,PAN,2000,65.52129
Panama,PAN,2001,63.534367
Panama,PAN,2002,62.12046
Panama,PAN,2003,61.600445
Panama,PAN,2004,58.95152
Panama,PAN,2005,53.359505
Panama,PAN,2006,53.762558
Panama,PAN,2007,53.520676
Panama,PAN,2008,53.484768
Panama,PAN,2009,53.98048
Panama,PAN,2010,54.906483
Panama,PAN,2011,53.79384
Panama,PAN,2012,53.35354
Panama,PAN,2013,51.944294
Panama,PAN,2014,50.36059
Panama,PAN,2015,48.80801
Panama,PAN,2016,48.587982
Panama,PAN,2017,49.413155
Panama,PAN,2018,47.07842
Panama,PAN,2019,50.99978
Panama,PAN,2020,49.517273
Peru,PER,1990,239.96535
Peru,PER,1991,265.1747
Peru,PER,1992,266.44064
Peru,PER,1993,251.99829
Peru,PER,1994,250.12314
Peru,PER,1995,240.01747
Peru,PER,1996,203.33139
Peru,PER,1997,183.48941
Peru,PER,1998,162.71126
Peru,PER,1999,128.33311
Peru,PER,2000,113.27913
Peru,PER,2001,105.61232
Peru,PER,2002,102.22924
Peru,PER,2003,97.89014
Peru,PER,2004,101.33704
Peru,PER,2005,97.42443
Peru,PER,2006,90.47107
Peru,PER,2007,87.27179
Peru,PER,2008,83.65812
Peru,PER,2009,79.98779
Peru,PER,2010,76.37078
Peru,PER,2011,73.46336
Peru,PER,2012,71.58758
Peru,PER,2013,71.01602
Peru,PER,2014,65.30985
Peru,PER,2015,65.026764
Peru,PER,2016,61.72681
Peru,PER,2017,60.816826
Peru,PER,2018,62.554718
Peru,PER,2019,71.99521
Peru,PER,2020,68.53598
Philippines,PHL,1990,193.6047
Philippines,PHL,1991,186.58705
Philippines,PHL,1992,163.19035
Philippines,PHL,1993,159.42065
Philippines,PHL,1994,156.65479
Philippines,PHL,1995,154.39503
Philippines,PHL,1996,141.06956
Philippines,PHL,1997,139.19493
Philippines,PHL,1998,138.21399
Philippines,PHL,1999,137.48337
Philippines,PHL,2000,129.03555
Philippines,PHL,2001,135.58157
Philippines,PHL,2002,125.64582
Philippines,PHL,2003,124.730156
Philippines,PHL,2004,125.22563
Philippines,PHL,2005,122.19361
Philippines,PHL,2006,120.88432
Philippines,PHL,2007,116.51403
Philippines,PHL,2008,106.647285
Philippines,PHL,2009,105.42383
Philippines,PHL,2010,105.00901
Philippines,PHL,2011,107.57535
Philippines,PHL,2012,103.75277
Philippines,PHL,2013,103.44676
Philippines,PHL,2014,89.297104
Philippines,PHL,2015,88.03905
Philippines,PHL,2016,86.32522
Philippines,PHL,2017,84.12247
Philippines,PHL,2018,82.29472
Philippines,PHL,2019,80.726776
Philippines,PHL,2020,78.23626
Poland,POL,1990,17.212229
Poland,POL,1991,17.525555
Poland,POL,1992,15.01384
Poland,POL,1993,14.22492
Poland,POL,1994,13.779423
Poland,POL,1995,11.750868
Poland,POL,1996,10.7006035
Poland,POL,1997,10.02347
Poland,POL,1998,9.402024
Poland,POL,1999,8.911848
Poland,POL,2000,7.7826595
Poland,POL,2001,6.95141
Poland,POL,2002,6.335244
Poland,POL,2003,5.770701
Poland,POL,2004,5.3392844
Poland,POL,2005,4.8179812
Poland,POL,2006,4.3040543
Poland,POL,2007,3.8159506
Poland,POL,2008,3.2643533
Poland,POL,2009,2.9593368
Poland,POL,2010,2.53814
Poland,POL,2011,2.5421426
Poland,POL,2012,2.380445
Poland,POL,2013,2.288992
Poland,POL,2014,2.1656346
Poland,POL,2015,2.1005838
Poland,POL,2016,1.9821322
Poland,POL,2017,1.8847573
Poland,POL,2018,1.865067
Poland,POL,2019,1.8895258
Poland,POL,2020,1.9594656
Portugal,PRT,1990,14.981982
Portugal,PRT,1991,14.614925
Portugal,PRT,1992,14.509552
Portugal,PRT,1993,12.227876
Portugal,PRT,1994,11.730751
Portugal,PRT,1995,11.626681
Portugal,PRT,1996,11.396431
Portugal,PRT,1997,11.343326
Portugal,PRT,1998,10.3507805
Portugal,PRT,1999,9.535427
Portugal,PRT,2000,10.823616
Portugal,PRT,2001,9.4916315
Portugal,PRT,2002,9.069605
Portugal,PRT,2003,8.996178
Portugal,PRT,2004,8.789228
Portugal,PRT,2005,8.96024
Portugal,PRT,2006,8.690105
Portugal,PRT,2007,9.300184
Portugal,PRT,2008,9.165965
Portugal,PRT,2009,9.828244
Portugal,PRT,2010,9.9007845
Portugal,PRT,2011,9.487867
Portugal,PRT,2012,10.350812
Portugal,PRT,2013,8.728792
Portugal,PRT,2014,8.81218
Portugal,PRT,2015,10.403705
Portugal,PRT,2016,10.547099
Portugal,PRT,2017,11.166257
Portugal,PRT,2018,10.980132
Portugal,PRT,2019,11.334371
Portugal,PRT,2020,11.799455
Puerto Rico,PRI,1990,26.775148
Puerto Rico,PRI,1991,27.563763
Puerto Rico,PRI,1992,27.468184
Puerto Rico,PRI,1993,25.66168
Puerto Rico,PRI,1994,26.060228
Puerto Rico,PRI,1995,26.238125
Puerto Rico,PRI,1996,26.018059
Puerto Rico,PRI,1997,25.392553
Puerto Rico,PRI,1998,22.964655
Puerto Rico,PRI,1999,22.390924
Puerto Rico,PRI,2000,21.87255
Puerto Rico,PRI,2001,22.068167
Puerto Rico,PRI,2002,23.114187
Puerto Rico,PRI,2003,20.246534
Puerto Rico,PRI,2004,19.623575
Puerto Rico,PRI,2005,19.663626
Puerto Rico,PRI,2006,20.028687
Puerto Rico,PRI,2007,20.708656
Puerto Rico,PRI,2008,21.648993
Puerto Rico,PRI,2009,21.829409
Puerto Rico,PRI,2010,21.244234
Puerto Rico,PRI,2011,20.996614
Puerto Rico,PRI,2012,17.976826
Puerto Rico,PRI,2013,18.139168
Puerto Rico,PRI,2014,18.418858
Puerto Rico,PRI,2015,18.28017
Puerto Rico,PRI,2016,17.783817
Puerto Rico,PRI,2017,15.654322
Puerto Rico,PRI,2018,17.928343
Puerto Rico,PRI,2019,20.94646
Puerto Rico,PRI,2020,34.336754
Qatar,QAT,1990,22.10134
Qatar,QAT,1991,28.521238
Qatar,QAT,1992,25.630756
Qatar,QAT,1993,26.426723
Qatar,QAT,1994,29.342817
Qatar,QAT,1995,28.624147
Qatar,QAT,1996,25.197834
Qatar,QAT,1997,24.501852
Qatar,QAT,1998,26.438574
Qatar,QAT,1999,28.269453
Qatar,QAT,2000,28.117846
Qatar,QAT,2001,23.095423
Qatar,QAT,2002,25.270847
Qatar,QAT,2003,24.391636
Qatar,QAT,2004,22.933968
Qatar,QAT,2005,19.096992
Qatar,QAT,2006,15.452612
Qatar,QAT,2007,13.7582
Qatar,QAT,2008,12.202051
Qatar,QAT,2009,11.451011
Qatar,QAT,2010,10.092398
Qatar,QAT,2011,10.0727
Qatar,QAT,2012,9.861286
Qatar,QAT,2013,8.500776
Qatar,QAT,2014,7.4954805
Qatar,QAT,2015,7.1979265
Qatar,QAT,2016,6.522319
Qatar,QAT,2017,6.24423
Qatar,QAT,2018,6.29586
Qatar,QAT,2019,6.517425
Qatar,QAT,2020,7.605434
Romania,ROU,1990,126.952675
Romania,ROU,1991,111.7061
Romania,ROU,1992,108.613205
Romania,ROU,1993,85.18976
Romania,ROU,1994,76.96907
Romania,ROU,1995,74.9561
Romania,ROU,1996,77.009186
Romania,ROU,1997,66.84977
Romania,ROU,1998,61.05093
Romania,ROU,1999,57.173508
Romania,ROU,2000,50.21136
Romania,ROU,2001,47.505257
Romania,ROU,2002,47.09216
Romania,ROU,2003,48.167957
Romania,ROU,2004,45.655895
Romania,ROU,2005,36.828552
Romania,ROU,2006,30.8004
Romania,ROU,2007,25.543041
Romania,ROU,2008,23.454342
Romania,ROU,2009,21.149334
Romania,ROU,2010,22.208965
Romania,ROU,2011,18.865942
Romania,ROU,2012,17.887365
Romania,ROU,2013,17.00038
Romania,ROU,2014,15.441002
Romania,ROU,2015,14.756899
Romania,ROU,2016,15.662871
Romania,ROU,2017,12.756586
Romania,ROU,2018,11.401431
Romania,ROU,2019,10.35986
Romania,ROU,2020,10.070802
Russia,RUS,1990,78.097145
Russia,RUS,1991,70.96114
Russia,RUS,1992,66.07579
Russia,RUS,1993,82.285
Russia,RUS,1994,88.04153
Russia,RUS,1995,89.76468
Russia,RUS,1996,85.630875
Russia,RUS,1997,64.8579
Russia,RUS,1998,60.123985
Russia,RUS,1999,59.77978
Russia,RUS,2000,52.29274
Russia,RUS,2001,44.35543
Russia,RUS,2002,48.24238
Russia,RUS,2003,41.545403
Russia,RUS,2004,34.86526
Russia,RUS,2005,31.352581
Russia,RUS,2006,26.501814
Russia,RUS,2007,21.94575
Russia,RUS,2008,18.777884
Russia,RUS,2009,19.238537
Russia,RUS,2010,17.168179
Russia,RUS,2011,14.245961
Russia,RUS,2012,12.252584
Russia,RUS,2013,10.868041
Russia,RUS,2014,9.868533
Russia,RUS,2015,10.466997
Russia,RUS,2016,8.473446
Russia,RUS,2017,8.746385
Russia,RUS,2018,8.779488
Russia,RUS,2019,7.4531126
Russia,RUS,2020,13.722793
Samoa,WSM,1990,97.98867
Samoa,WSM,1991,101.27552
Samoa,WSM,1992,96.55713
Samoa,WSM,1993,89.83824
Samoa,WSM,1994,91.37186
Samoa,WSM,1995,90.17256
Samoa,WSM,1996,86.922935
Samoa,WSM,1997,80.77509
Samoa,WSM,1998,79.96757
Samoa,WSM,1999,76.072014
Samoa,WSM,2000,74.52373
Samoa,WSM,2001,73.353386
Samoa,WSM,2002,67.011406
Samoa,WSM,2003,63.63341
Samoa,WSM,2004,61.68023
Samoa,WSM,2005,62.076385
Samoa,WSM,2006,58.18673
Samoa,WSM,2007,58.665173
Samoa,WSM,2008,58.519707
Samoa,WSM,2009,62.365837
Samoa,WSM,2010,61.5952
Samoa,WSM,2011,58.507458
Samoa,WSM,2012,62.819454
Samoa,WSM,2013,58.28421
Samoa,WSM,2014,59.791553
Samoa,WSM,2015,58.000202
Samoa,WSM,2016,57.27888
Samoa,WSM,2017,58.591885
Samoa,WSM,2018,58.08098
Samoa,WSM,2019,66.35197
Samoa,WSM,2020,59.079075
Saudi Arabia,SAU,1990,29.259352
Saudi Arabia,SAU,1991,26.898901
Saudi Arabia,SAU,1992,24.78286
Saudi Arabia,SAU,1993,25.381311
Saudi Arabia,SAU,1994,23.341728
Saudi Arabia,SAU,1995,24.678558
Saudi Arabia,SAU,1996,22.865665
Saudi Arabia,SAU,1997,23.664171
Saudi Arabia,SAU,1998,22.858644
Saudi Arabia,SAU,1999,21.713095
Saudi Arabia,SAU,2000,21.525215
Saudi Arabia,SAU,2001,20.72002
Saudi Arabia,SAU,2002,20.784567
Saudi Arabia,SAU,2003,19.751505
Saudi Arabia,SAU,2004,18.124794
Saudi Arabia,SAU,2005,17.012114
Saudi Arabia,SAU,2006,17.1016
Saudi Arabia,SAU,2007,17.340595
Saudi Arabia,SAU,2008,16.377054
Saudi Arabia,SAU,2009,16.863901
Saudi Arabia,SAU,2010,15.33849
Saudi Arabia,SAU,2011,15.310652
Saudi Arabia,SAU,2012,15.254553
Saudi Arabia,SAU,2013,14.276403
Saudi Arabia,SAU,2014,15.01029
Saudi Arabia,SAU,2015,15.822491
Saudi Arabia,SAU,2016,16.272697
Saudi Arabia,SAU,2017,16.448195
Saudi Arabia,SAU,2018,16.778631
Saudi Arabia,SAU,2019,17.68222
Saudi Arabia,SAU,2020,16.203758
Serbia,SRB,1990,15.137695
Serbia,SRB,1991,15.229747
Serbia,SRB,1992,16.134777
Serbia,SRB,1993,16.599215
Serbia,SRB,1994,17.67686
Serbia,SRB,1995,17.149092
Serbia,SRB,1996,15.047593
Serbia,SRB,1997,15.848117
Serbia,SRB,1998,17.504328
Serbia,SRB,1999,14.206996
Serbia,SRB,2000,17.816778
Serbia,SRB,2001,14.850701
Serbia,SRB,2002,14.66891
Serbia,SRB,2003,14.4204645
Serbia,SRB,2004,15.461802
Serbia,SRB,2005,16.12241
Serbia,SRB,2006,15.920181
Serbia,SRB,2007,15.407936
Serbia,SRB,2008,14.867831
Serbia,SRB,2009,14.671304
Serbia,SRB,2010,14.237413
Serbia,SRB,2011,13.962899
Serbia,SRB,2012,13.450222
Serbia,SRB,2013,12.950132
Serbia,SRB,2014,12.708031
Serbia,SRB,2015,12.684566
Serbia,SRB,2016,12.112215
Serbia,SRB,2017,12.005033
Serbia,SRB,2018,11.469519
Serbia,SRB,2019,10.47125
Serbia,SRB,2020,10.1813345
Seychelles,SYC,1990,40.814056
Seychelles,SYC,1991,40.27399
Seychelles,SYC,1992,31.689037
Seychelles,SYC,1993,29.745895
Seychelles,SYC,1994,31.81086
Seychelles,SYC,1995,30.36348
Seychelles,SYC,1996,29.313515
Seychelles,SYC,1997,48.939774
Seychelles,SYC,1998,43.38971
Seychelles,SYC,1999,46.133266
Seychelles,SYC,2000,44.31743
Seychelles,SYC,2001,37.774582
Seychelles,SYC,2002,35.438015
Seychelles,SYC,2003,34.15615
Seychelles,SYC,2004,30.655891
Seychelles,SYC,2005,14.964671
Seychelles,SYC,2006,13.807281
Seychelles,SYC,2007,12.693783
Seychelles,SYC,2008,11.303183
Seychelles,SYC,2009,10.370843
Seychelles,SYC,2010,8.202178
Seychelles,SYC,2011,8.207625
Seychelles,SYC,2012,6.820836
Seychelles,SYC,2013,5.987009
Seychelles,SYC,2014,5.059577
Seychelles,SYC,2015,4.7083683
Seychelles,SYC,2016,5.1347313
Seychelles,SYC,2017,4.6261563
Seychelles,SYC,2018,3.5403209
Seychelles,SYC,2019,3.0731246
Seychelles,SYC,2020,3.3332093
Sierra Leone,SLE,1990,1538.884
Sierra Leone,SLE,1991,1599.8248
Sierra Leone,SLE,1992,1618.0408
Sierra Leone,SLE,1993,1656.5543
Sierra Leone,SLE,1994,1749.9011
Sierra Leone,SLE,1995,1768.2793
Sierra Leone,SLE,1996,1743.6025
Sierra Leone,SLE,1997,1764.3162
Sierra Leone,SLE,1998,1784.006
Sierra Leone,SLE,1999,1792.3467
Sierra Leone,SLE,2000,1682.4491
Sierra Leone,SLE,2001,1610.2911
Sierra Leone,SLE,2002,1492.6749
Sierra Leone,SLE,2003,1450.587
Sierra Leone,SLE,2004,1366.8959
Sierra Leone,SLE,2005,1327.3706
Sierra Leone,SLE,2006,1224.7803
Sierra Leone,SLE,2007,1125.0148
Sierra Leone,SLE,2008,972.63556
Sierra Leone,SLE,2009,901.0424
Sierra Leone,SLE,2010,837.354
Sierra Leone,SLE,2011,727.5751
Sierra Leone,SLE,2012,666.8588
Sierra Leone,SLE,2013,632.12946
Sierra Leone,SLE,2014,618.31696
Sierra Leone,SLE,2015,588.3934
Sierra Leone,SLE,2016,504.9114
Sierra Leone,SLE,2017,520.2839
Sierra Leone,SLE,2018,459.50473
Sierra Leone,SLE,2019,435.23587
Sierra Leone,SLE,2020,442.8304
Slovakia,SVK,1990,10.563735
Slovakia,SVK,1991,10.998593
Slovakia,SVK,1992,10.818611
Slovakia,SVK,1993,9.373828
Slovakia,SVK,1994,10.123472
Slovakia,SVK,1995,8.551428
Slovakia,SVK,1996,8.54263
Slovakia,SVK,1997,9.0742655
Slovakia,SVK,1998,9.099087
Slovakia,SVK,1999,9.007646
Slovakia,SVK,2000,8.553774
Slovakia,SVK,2001,9.347329
Slovakia,SVK,2002,8.613923
Slovakia,SVK,2003,8.285183
Slovakia,SVK,2004,7.6312723
Slovakia,SVK,2005,7.436003
Slovakia,SVK,2006,6.6131053
Slovakia,SVK,2007,7.247295
Slovakia,SVK,2008,5.883339
Slovakia,SVK,2009,5.472622
Slovakia,SVK,2010,5.0894904
Slovakia,SVK,2011,5.055224
Slovakia,SVK,2012,5.254913
Slovakia,SVK,2013,5.4865017
Slovakia,SVK,2014,5.2165475
Slovakia,SVK,2015,4.887985
Slovakia,SVK,2016,5.1148663
Slovakia,SVK,2017,4.7929173
Slovakia,SVK,2018,4.650179
Slovakia,SVK,2019,4.856402
Slovakia,SVK,2020,4.824666
Slovenia,SVN,1990,12.656847
Slovenia,SVN,1991,13.067245
Slovenia,SVN,1992,13.69373
Slovenia,SVN,1993,13.995866
Slovenia,SVN,1994,13.348543
Slovenia,SVN,1995,13.629363
Slovenia,SVN,1996,13.082703
Slovenia,SVN,1997,13.65471
Slovenia,SVN,1998,10.571852
Slovenia,SVN,1999,10.056857
Slovenia,SVN,2000,11.927716
Slovenia,SVN,2001,8.783966
Slovenia,SVN,2002,8.480008
Slovenia,SVN,2003,8.786046
Slovenia,SVN,2004,9.562208
Slovenia,SVN,2005,9.243438
Slovenia,SVN,2006,7.6920123
Slovenia,SVN,2007,6.958285
Slovenia,SVN,2008,5.936532
Slovenia,SVN,2009,6.837798
Slovenia,SVN,2010,6.036748
Slovenia,SVN,2011,6.0854073
Slovenia,SVN,2012,5.8347216
Slovenia,SVN,2013,5.422897
Slovenia,SVN,2014,5.010551
Slovenia,SVN,2015,5.0382833
Slovenia,SVN,2016,4.633402
Slovenia,SVN,2017,4.434364
Slovenia,SVN,2018,4.366176
Slovenia,SVN,2019,3.467772
Slovenia,SVN,2020,4.533144
Solomon Islands,SLB,1990,167.77612
Solomon Islands,SLB,1991,151.02043
Solomon Islands,SLB,1992,153.19539
Solomon Islands,SLB,1993,156.82484
Solomon Islands,SLB,1994,147.29684
Solomon Islands,SLB,1995,143.26552
Solomon Islands,SLB,1996,145.56343
Solomon Islands,SLB,1997,149.19571
Solomon Islands,SLB,1998,144.82976
Solomon Islands,SLB,1999,144.83879
Solomon Islands,SLB,2000,150.14598
Solomon Islands,SLB,2001,156.95988
Solomon Islands,SLB,2002,152.11642
Solomon Islands,SLB,2003,156.94917
Solomon Islands,SLB,2004,158.85736
Solomon Islands,SLB,2005,152.97502
Solomon Islands,SLB,2006,146.65326
Solomon Islands,SLB,2007,155.44746
Solomon Islands,SLB,2008,151.7633
Solomon Islands,SLB,2009,145.9691
Solomon Islands,SLB,2010,147.06342
Solomon Islands,SLB,2011,140.66943
Solomon Islands,SLB,2012,141.9325
Solomon Islands,SLB,2013,138.43477
Solomon Islands,SLB,2014,140.03583
Solomon Islands,SLB,2015,140.8997
Solomon Islands,SLB,2016,132.73499
Solomon Islands,SLB,2017,133.3699
Solomon Islands,SLB,2018,127.143265
Solomon Islands,SLB,2019,127.18191
Solomon Islands,SLB,2020,122.24951
Somalia,SOM,1990,1104.4918
Somalia,SOM,1991,1038.3301
Somalia,SOM,1992,972.6679
Somalia,SOM,1993,1060.9824
Somalia,SOM,1994,1095.1934
Somalia,SOM,1995,1078.8799
Somalia,SOM,1996,1094.486
Somalia,SOM,1997,1121.4733
Somalia,SOM,1998,1103.9889
Somalia,SOM,1999,1110.9637
Somalia,SOM,2000,1096.9272
Somalia,SOM,2001,1084.0923
Somalia,SOM,2002,1087.0653
Somalia,SOM,2003,1094.1523
Somalia,SOM,2004,1101.5406
Somalia,SOM,2005,1079.9648
Somalia,SOM,2006,1068.3894
Somalia,SOM,2007,1062.3552
Somalia,SOM,2008,1015.1219
Somalia,SOM,2009,950.922
Somalia,SOM,2010,963.1854
Somalia,SOM,2011,939.6998
Somalia,SOM,2012,862.8962
Somalia,SOM,2013,828.2818
Somalia,SOM,2014,792.551
Somalia,SOM,2015,760.94025
Somalia,SOM,2016,710.8868
Somalia,SOM,2017,683.24774
Somalia,SOM,2018,650.67755
Somalia,SOM,2019,606.238
Somalia,SOM,2020,620.6824
South Africa,ZAF,1990,150.3002
South Africa,ZAF,1991,152.74628
South Africa,ZAF,1992,142.7195
South Africa,ZAF,1993,141.67253
South Africa,ZAF,1994,136.31766
South Africa,ZAF,1995,132.69618
South Africa,ZAF,1996,160.38493
South Africa,ZAF,1997,159.73894
South Africa,ZAF,1998,149.84485
South Africa,ZAF,1999,152.60973
South Africa,ZAF,2000,173.02394
South Africa,ZAF,2001,168.2824
South Africa,ZAF,2002,193.36531
South Africa,ZAF,2003,205.03679
South Africa,ZAF,2004,231.91829
South Africa,ZAF,2005,220.64934
South Africa,ZAF,2006,208.29991
South Africa,ZAF,2007,218.05186
South Africa,ZAF,2008,215.58167
South Africa,ZAF,2009,225.26114
South Africa,ZAF,2010,219.06125
South Africa,ZAF,2011,193.73685
South Africa,ZAF,2012,164.41258
South Africa,ZAF,2013,150.95361
South Africa,ZAF,2014,141.22003
South Africa,ZAF,2015,141.15904
South Africa,ZAF,2016,126.92666
South Africa,ZAF,2017,133.43524
South Africa,ZAF,2018,125.39751
South Africa,ZAF,2019,118.2704
South Africa,ZAF,2020,126.83269
South Korea,KOR,1990,30.794752
South Korea,KOR,1991,27.899029
South Korea,KOR,1992,25.813017
South Korea,KOR,1993,25.508419
South Korea,KOR,1994,21.34876
South Korea,KOR,1995,20.908749
South Korea,KOR,1996,20.803003
South Korea,KOR,1997,19.970932
South Korea,KOR,1998,19.637407
South Korea,KOR,1999,19.158325
South Korea,KOR,2000,15.5411005
South Korea,KOR,2001,15.488658
South Korea,KOR,2002,16.55357
South Korea,KOR,2003,13.2610655
South Korea,KOR,2004,12.771839
South Korea,KOR,2005,12.406346
South Korea,KOR,2006,11.183095
South Korea,KOR,2007,10.096533
South Korea,KOR,2008,9.40624
South Korea,KOR,2009,8.899746
South Korea,KOR,2010,8.238204
South Korea,KOR,2011,9.603593
South Korea,KOR,2012,9.118777
South Korea,KOR,2013,6.94965
South Korea,KOR,2014,6.427727
South Korea,KOR,2015,6.2038794
South Korea,KOR,2016,6.084099
South Korea,KOR,2017,6.1849794
South Korea,KOR,2018,6.411811
South Korea,KOR,2019,6.3600454
South Korea,KOR,2020,8.1156225
Spain,ESP,1990,5.821867
Spain,ESP,1991,6.041324
Spain,ESP,1992,5.8150096
Spain,ESP,1993,5.9765325
Spain,ESP,1994,6.2479196
Spain,ESP,1995,6.4267116
Spain,ESP,1996,6.4358115
Spain,ESP,1997,5.6606927
Spain,ESP,1998,4.2850823
Spain,ESP,1999,5.2533383
Spain,ESP,2000,5.038312
Spain,ESP,2001,5.009696
Spain,ESP,2002,4.864584
Spain,ESP,2003,4.944732
Spain,ESP,2004,4.5534754
Spain,ESP,2005,4.489062
Spain,ESP,2006,4.3039026
Spain,ESP,2007,4.1618214
Spain,ESP,2008,4.0019207
Spain,ESP,2009,4.0997486
Spain,ESP,2010,3.9194467
Spain,ESP,2011,4.0711937
Spain,ESP,2012,4.058816
Spain,ESP,2013,4.1175437
Spain,ESP,2014,4.0063787
Spain,ESP,2015,3.8808594
Spain,ESP,2016,3.8303864
Spain,ESP,2017,3.9711814
Spain,ESP,2018,4.0544796
Spain,ESP,2019,3.1676915
Spain,ESP,2020,3.4412515
Sri Lanka,LKA,1990,59.341675
Sri Lanka,LKA,1991,59.022144
Sri Lanka,LKA,1992,56.46633
Sri Lanka,LKA,1993,55.796547
Sri Lanka,LKA,1994,50.687283
Sri Lanka,LKA,1995,51.977013
Sri Lanka,LKA,1996,52.69202
Sri Lanka,LKA,1997,52.710255
Sri Lanka,LKA,1998,46.997013
Sri Lanka,LKA,1999,50.500797
Sri Lanka,LKA,2000,61.07661
Sri Lanka,LKA,2001,54.696457
Sri Lanka,LKA,2002,51.990627
Sri Lanka,LKA,2003,49.73638
Sri Lanka,LKA,2004,48.099014
Sri Lanka,LKA,2005,44.01376
Sri Lanka,LKA,2006,40.74859
Sri Lanka,LKA,2007,39.462063
Sri Lanka,LKA,2008,39.626522
Sri Lanka,LKA,2009,39.129974
Sri Lanka,LKA,2010,37.262035
Sri Lanka,LKA,2011,36.129845
Sri Lanka,LKA,2012,34.627243
Sri Lanka,LKA,2013,33.438427
Sri Lanka,LKA,2014,30.16497
Sri Lanka,LKA,2015,30.368523
Sri Lanka,LKA,2016,29.80509
Sri Lanka,LKA,2017,30.616962
Sri Lanka,LKA,2018,30.29092
Sri Lanka,LKA,2019,29.820972
Sri Lanka,LKA,2020,28.842306
Sudan,SDN,1990,980.3999
Sudan,SDN,1991,963.90314
Sudan,SDN,1992,1125.1826
Sudan,SDN,1993,1100.822
Sudan,SDN,1994,770.8459
Sudan,SDN,1995,893.17865
Sudan,SDN,1996,858.0292
Sudan,SDN,1997,840.4146
Sudan,SDN,1998,972.62384
Sudan,SDN,1999,692.5236
Sudan,SDN,2000,642.18475
Sudan,SDN,2001,636.00433
Sudan,SDN,2002,624.4416
Sudan,SDN,2003,597.7093
Sudan,SDN,2004,563.764
Sudan,SDN,2005,525.3036
Sudan,SDN,2006,498.8823
Sudan,SDN,2007,443.03192
Sudan,SDN,2008,450.03226
Sudan,SDN,2009,394.13058
Sudan,SDN,2010,383.37805
Sudan,SDN,2011,353.95258
Sudan,SDN,2012,329.51593
Sudan,SDN,2013,322.91
Sudan,SDN,2014,300.7904
Sudan,SDN,2015,298.29257
Sudan,SDN,2016,301.44907
Sudan,SDN,2017,289.6414
Sudan,SDN,2018,292.99188
Sudan,SDN,2019,297.98605
Sudan,SDN,2020,270.35535
Sweden,SWE,1990,6.928258
Sweden,SWE,1991,6.841562
Sweden,SWE,1992,6.6949673
Sweden,SWE,1993,6.934295
Sweden,SWE,1994,6.2913156
Sweden,SWE,1995,6.342004
Sweden,SWE,1996,6.4563656
Sweden,SWE,1997,6.477574
Sweden,SWE,1998,5.4444733
Sweden,SWE,1999,5.567468
Sweden,SWE,2000,6.1463766
Sweden,SWE,2001,5.817198
Sweden,SWE,2002,5.670674
Sweden,SWE,2003,5.5996857
Sweden,SWE,2004,5.2790623
Sweden,SWE,2005,5.080043
Sweden,SWE,2006,5.154097
Sweden,SWE,2007,5.073368
Sweden,SWE,2008,5.0075545
Sweden,SWE,2009,4.9649205
Sweden,SWE,2010,4.530807
Sweden,SWE,2011,4.8888597
Sweden,SWE,2012,4.927526
Sweden,SWE,2013,4.927984
Sweden,SWE,2014,4.7789364
Sweden,SWE,2015,4.446441
Sweden,SWE,2016,4.422984
Sweden,SWE,2017,4.5124884
Sweden,SWE,2018,4.534765
Sweden,SWE,2019,4.5291615
Sweden,SWE,2020,4.507839
Switzerland,CHE,1990,10.499369
Switzerland,CHE,1991,10.082073
Switzerland,CHE,1992,9.861216
Switzerland,CHE,1993,10.393122
Switzerland,CHE,1994,10.611322
Switzerland,CHE,1995,10.803006
Switzerland,CHE,1996,9.5744915
Switzerland,CHE,1997,9.767166
Switzerland,CHE,1998,7.863416
Switzerland,CHE,1999,8.107548
Switzerland,CHE,2000,7.9042387
Switzerland,CHE,2001,8.552483
Switzerland,CHE,2002,9.188788
Switzerland,CHE,2003,8.866634
Switzerland,CHE,2004,8.942372
Switzerland,CHE,2005,9.384615
Switzerland,CHE,2006,8.906439
Switzerland,CHE,2007,8.370134
Switzerland,CHE,2008,8.2442875
Switzerland,CHE,2009,7.82125
Switzerland,CHE,2010,8.119124
Switzerland,CHE,2011,8.1103735
Switzerland,CHE,2012,7.393047
Switzerland,CHE,2013,7.2377806
Switzerland,CHE,2014,6.701007
Switzerland,CHE,2015,6.4625826
Switzerland,CHE,2016,8.056412
Switzerland,CHE,2017,6.1441317
Switzerland,CHE,2018,7.4348674
Switzerland,CHE,2019,7.1045384
Switzerland,CHE,2020,7.3787546
Syria,SYR,1990,43.1635
Syria,SYR,1991,41.344936
Syria,SYR,1992,39.29179
Syria,SYR,1993,39.665676
Syria,SYR,1994,40.17226
Syria,SYR,1995,36.45121
Syria,SYR,1996,37.689747
Syria,SYR,1997,36.77062
Syria,SYR,1998,38.02095
Syria,SYR,1999,35.649704
Syria,SYR,2000,33.697945
Syria,SYR,2001,29.312336
Syria,SYR,2002,26.1553
Syria,SYR,2003,23.708742
Syria,SYR,2004,24.771204
Syria,SYR,2005,23.495876
Syria,SYR,2006,21.463285
Syria,SYR,2007,20.531965
Syria,SYR,2008,21.798
Syria,SYR,2009,20.271557
Syria,SYR,2010,21.297922
Syria,SYR,2011,23.731134
Syria,SYR,2012,25.704975
Syria,SYR,2013,28.784449
Syria,SYR,2014,29.480343
Syria,SYR,2015,30.482605
Syria,SYR,2016,28.85131
Syria,SYR,2017,30.534977
Syria,SYR,2018,31.331284
Syria,SYR,2019,33.044685
Syria,SYR,2020,29.917326
Tajikistan,TJK,1990,84.6638
Tajikistan,TJK,1991,86.11114
Tajikistan,TJK,1992,92.90103
Tajikistan,TJK,1993,99.01838
Tajikistan,TJK,1994,103.9182
Tajikistan,TJK,1995,97.09098
Tajikistan,TJK,1996,100.61501
Tajikistan,TJK,1997,90.837654
Tajikistan,TJK,1998,82.0827
Tajikistan,TJK,1999,72.7283
Tajikistan,TJK,2000,67.5115
Tajikistan,TJK,2001,60.239265
Tajikistan,TJK,2002,55.363354
Tajikistan,TJK,2003,49.248863
Tajikistan,TJK,2004,46.597984
Tajikistan,TJK,2005,44.284733
Tajikistan,TJK,2006,40.991264
Tajikistan,TJK,2007,38.78791
Tajikistan,TJK,2008,35.185093
Tajikistan,TJK,2009,31.174963
Tajikistan,TJK,2010,31.879856
Tajikistan,TJK,2011,28.610992
Tajikistan,TJK,2012,26.55378
Tajikistan,TJK,2013,23.90908
Tajikistan,TJK,2014,21.806494
Tajikistan,TJK,2015,20.375605
Tajikistan,TJK,2016,19.796154
Tajikistan,TJK,2017,18.195385
Tajikistan,TJK,2018,17.351973
Tajikistan,TJK,2019,16.367348
Tajikistan,TJK,2020,16.631699
Tanzania,TZA,1990,845.3861
Tanzania,TZA,1991,848.7042
Tanzania,TZA,1992,870.08325
Tanzania,TZA,1993,892.9978
Tanzania,TZA,1994,855.0743
Tanzania,TZA,1995,863.3862
Tanzania,TZA,1996,862.70514
Tanzania,TZA,1997,872.148
Tanzania,TZA,1998,863.31384
Tanzania,TZA,1999,791.2755
Tanzania,TZA,2000,760.08026
Tanzania,TZA,2001,707.27405
Tanzania,TZA,2002,672.19794
Tanzania,TZA,2003,625.1099
Tanzania,TZA,2004,588.0528
Tanzania,TZA,2005,559.39307
Tanzania,TZA,2006,546.7342
Tanzania,TZA,2007,566.03656
Tanzania,TZA,2008,604.6388
Tanzania,TZA,2009,556.1965
Tanzania,TZA,2010,485.92435
Tanzania,TZA,2011,458.0611
Tanzania,TZA,2012,393.65463
Tanzania,TZA,2013,379.70218
Tanzania,TZA,2014,352.0743
Tanzania,TZA,2015,329.54633
Tanzania,TZA,2016,297.5528
Tanzania,TZA,2017,280.37372
Tanzania,TZA,2018,266.82196
Tanzania,TZA,2019,261.8509
Tanzania,TZA,2020,238.29881
Thailand,THA,1990,59.96204
Thailand,THA,1991,58.18795
Thailand,THA,1992,56.49718
Thailand,THA,1993,54.70147
Thailand,THA,1994,47.39316
Thailand,THA,1995,47.439323
Thailand,THA,1996,45.114315
Thailand,THA,1997,44.220257
Thailand,THA,1998,39.796627
Thailand,THA,1999,44.93868
Thailand,THA,2000,48.207428
Thailand,THA,2001,48.283672
Thailand,THA,2002,39.70254
Thailand,THA,2003,39.681244
Thailand,THA,2004,42.299503
Thailand,THA,2005,39.52228
Thailand,THA,2006,37.866856
Thailand,THA,2007,37.990776
Thailand,THA,2008,37.487816
Thailand,THA,2009,36.837395
Thailand,THA,2010,35.334446
Thailand,THA,2011,33.527393
Thailand,THA,2012,32.161743
Thailand,THA,2013,31.459574
Thailand,THA,2014,30.709183
Thailand,THA,2015,30.154488
Thailand,THA,2016,29.014278
Thailand,THA,2017,28.730652
Thailand,THA,2018,28.804407
Thailand,THA,2019,28.839975
Thailand,THA,2020,28.600433
Togo,TGO,1990,591.07166
Togo,TGO,1991,575.28564
Togo,TGO,1992,586.02997
Togo,TGO,1993,591.4356
Togo,TGO,1994,564.7933
Togo,TGO,1995,553.9349
Togo,TGO,1996,544.5196
Togo,TGO,1997,534.59906
Togo,TGO,1998,534.1153
Togo,TGO,1999,495.68616
Togo,TGO,2000,479.33777
Togo,TGO,2001,478.5595
Togo,TGO,2002,461.19785
Togo,TGO,2003,457.51514
Togo,TGO,2004,489.64276
Togo,TGO,2005,494.4518
Togo,TGO,2006,517.4053
Togo,TGO,2007,515.386
Togo,TGO,2008,528.1141
Togo,TGO,2009,517.9403
Togo,TGO,2010,530.2921
Togo,TGO,2011,499.77847
Togo,TGO,2012,510.6789
Togo,TGO,2013,493.40314
Togo,TGO,2014,491.34827
Togo,TGO,2015,440.80606
Togo,TGO,2016,438.79565
Togo,TGO,2017,425.42966
Togo,TGO,2018,434.5416
Togo,TGO,2019,418.26276
Togo,TGO,2020,399.03983
Tonga,TON,1990,116.62584
Tonga,TON,1991,113.06913
Tonga,TON,1992,112.05388
Tonga,TON,1993,107.72767
Tonga,TON,1994,106.405045
Tonga,TON,1995,105.08315
Tonga,TON,1996,99.601204
Tonga,TON,1997,96.282234
Tonga,TON,1998,95.68893
Tonga,TON,1999,95.267586
Tonga,TON,2000,94.13625
Tonga,TON,2001,95.055664
Tonga,TON,2002,94.14018
Tonga,TON,2003,93.77125
Tonga,TON,2004,94.97705
Tonga,TON,2005,94.913124
Tonga,TON,2006,98.89569
Tonga,TON,2007,97.09368
Tonga,TON,2008,97.14145
Tonga,TON,2009,102.51873
Tonga,TON,2010,93.21016
Tonga,TON,2011,92.62318
Tonga,TON,2012,92.21047
Tonga,TON,2013,92.867836
Tonga,TON,2014,94.13238
Tonga,TON,2015,86.411766
Tonga,TON,2016,84.37877
Tonga,TON,2017,83.98709
Tonga,TON,2018,83.91316
Tonga,TON,2019,125.40065
Tonga,TON,2020,125.63764
Turkey,TUR,1990,42.789597
Turkey,TUR,1991,42.03231
Turkey,TUR,1992,42.936123
Turkey,TUR,1993,41.60429
Turkey,TUR,1994,40.825817
Turkey,TUR,1995,37.016
Turkey,TUR,1996,35.575478
Turkey,TUR,1997,35.43555
Turkey,TUR,1998,34.898224
Turkey,TUR,1999,32.402214
Turkey,TUR,2000,31.699001
Turkey,TUR,2001,30.3656
Turkey,TUR,2002,28.6153
Turkey,TUR,2003,28.498718
Turkey,TUR,2004,26.840485
Turkey,TUR,2005,25.405834
Turkey,TUR,2006,24.13056
Turkey,TUR,2007,23.393373
Turkey,TUR,2008,22.793474
Turkey,TUR,2009,22.243416
Turkey,TUR,2010,22.081305
Turkey,TUR,2011,22.631388
Turkey,TUR,2012,21.03112
Turkey,TUR,2013,19.994059
Turkey,TUR,2014,19.462902
Turkey,TUR,2015,19.384705
Turkey,TUR,2016,19.607624
Turkey,TUR,2017,16.895704
Turkey,TUR,2018,16.87219
Turkey,TUR,2019,17.008928
Turkey,TUR,2020,17.33207
Turkmenistan,TKM,1990,72.754745
Turkmenistan,TKM,1991,67.750015
Turkmenistan,TKM,1992,66.23186
Turkmenistan,TKM,1993,61.445644
Turkmenistan,TKM,1994,56.516636
Turkmenistan,TKM,1995,54.08086
Turkmenistan,TKM,1996,48.749252
Turkmenistan,TKM,1997,40.747276
Turkmenistan,TKM,1998,35.63595
Turkmenistan,TKM,1999,28.987188
Turkmenistan,TKM,2000,26.097494
Turkmenistan,TKM,2001,25.013838
Turkmenistan,TKM,2002,21.686407
Turkmenistan,TKM,2003,19.725815
Turkmenistan,TKM,2004,17.801453
Turkmenistan,TKM,2005,16.764992
Turkmenistan,TKM,2006,14.624349
Turkmenistan,TKM,2007,12.859046
Turkmenistan,TKM,2008,11.101537
Turkmenistan,TKM,2009,10.306997
Turkmenistan,TKM,2010,8.830767
Turkmenistan,TKM,2011,7.625664
Turkmenistan,TKM,2012,7.3321667
Turkmenistan,TKM,2013,6.6519713
Turkmenistan,TKM,2014,6.165672
Turkmenistan,TKM,2015,5.761661
Turkmenistan,TKM,2016,5.678853
Turkmenistan,TKM,2017,4.985303
Turkmenistan,TKM,2018,5.000818
Turkmenistan,TKM,2019,4.915799
Turkmenistan,TKM,2020,5.148083
Uganda,UGA,1990,602.28687
Uganda,UGA,1991,594.1673
Uganda,UGA,1992,578.4658
Uganda,UGA,1993,583.1076
Uganda,UGA,1994,561.89856
Uganda,UGA,1995,541.57025
Uganda,UGA,1996,526.4581
Uganda,UGA,1997,518.22003
Uganda,UGA,1998,486.0344
Uganda,UGA,1999,467.82474
Uganda,UGA,2000,461.45953
Uganda,UGA,2001,452.76834
Uganda,UGA,2002,452.50095
Uganda,UGA,2003,448.62927
Uganda,UGA,2004,442.41534
Uganda,UGA,2005,435.3547
Uganda,UGA,2006,416.23303
Uganda,UGA,2007,381.81735
Uganda,UGA,2008,390.76474
Uganda,UGA,2009,391.41635
Uganda,UGA,2010,371.98697
Uganda,UGA,2011,358.5249
Uganda,UGA,2012,334.36887
Uganda,UGA,2013,310.613
Uganda,UGA,2014,331.5632
Uganda,UGA,2015,318.52362
Uganda,UGA,2016,310.72708
Uganda,UGA,2017,312.8546
Uganda,UGA,2018,283.32196
Uganda,UGA,2019,291.6417
Uganda,UGA,2020,284.14078
Ukraine,UKR,1990,45.318787
Ukraine,UKR,1991,44.877663
Ukraine,UKR,1992,45.684116
Ukraine,UKR,1993,51.014847
Ukraine,UKR,1994,46.247646
Ukraine,UKR,1995,51.752342
Ukraine,UKR,1996,52.396404
Ukraine,UKR,1997,40.553467
Ukraine,UKR,1998,38.735607
Ukraine,UKR,1999,38.61496
Ukraine,UKR,2000,35.83351
Ukraine,UKR,2001,32.01638
Ukraine,UKR,2002,27.787132
Ukraine,UKR,2003,24.972815
Ukraine,UKR,2004,21.695845
Ukraine,UKR,2005,20.545982
Ukraine,UKR,2006,22.696247
Ukraine,UKR,2007,20.989285
Ukraine,UKR,2008,18.837124
Ukraine,UKR,2009,17.047537
Ukraine,UKR,2010,16.89622
Ukraine,UKR,2011,15.024555
Ukraine,UKR,2012,16.753998
Ukraine,UKR,2013,16.448982
Ukraine,UKR,2014,12.14538
Ukraine,UKR,2015,11.105476
Ukraine,UKR,2016,10.312097
Ukraine,UKR,2017,10.508445
Ukraine,UKR,2018,11.274244
Ukraine,UKR,2019,9.261322
Ukraine,UKR,2020,16.540369
United Kingdom,GBR,1990,9.532358
United Kingdom,GBR,1991,9.805634
United Kingdom,GBR,1992,8.686626
United Kingdom,GBR,1993,9.096584
United Kingdom,GBR,1994,9.368322
United Kingdom,GBR,1995,9.733994
United Kingdom,GBR,1996,9.750408
United Kingdom,GBR,1997,9.805708
United Kingdom,GBR,1998,9.936793
United Kingdom,GBR,1999,10.38851
United Kingdom,GBR,2000,10.977165
United Kingdom,GBR,2001,11.086224
United Kingdom,GBR,2002,11.476644
United Kingdom,GBR,2003,11.340939
United Kingdom,GBR,2004,11.06449
United Kingdom,GBR,2005,11.045703
United Kingdom,GBR,2006,10.9554615
United Kingdom,GBR,2007,10.65385
United Kingdom,GBR,2008,10.522921
United Kingdom,GBR,2009,10.103749
United Kingdom,GBR,2010,9.531991
United Kingdom,GBR,2011,9.05449
United Kingdom,GBR,2012,8.30973
United Kingdom,GBR,2013,8.359581
United Kingdom,GBR,2014,8.458806
United Kingdom,GBR,2015,8.391138
United Kingdom,GBR,2016,8.513193
United Kingdom,GBR,2017,8.518763
United Kingdom,GBR,2018,9.209214
United Kingdom,GBR,2019,9.223602
United Kingdom,GBR,2020,9.84248
United States,USA,1990,10.039863
United States,USA,1991,10.273819
United States,USA,1992,10.299621
United States,USA,1993,10.785038
United States,USA,1994,11.049206
United States,USA,1995,11.327949
United States,USA,1996,11.1208
United States,USA,1997,10.933628
United States,USA,1998,10.902584
United States,USA,1999,11.460322
United States,USA,2000,11.825416
United States,USA,2001,12.526937
United States,USA,2002,12.881137
United States,USA,2003,13.174967
United States,USA,2004,13.095221
United States,USA,2005,13.280294
United States,USA,2006,13.196189
United States,USA,2007,13.217258
United States,USA,2008,13.973742
United States,USA,2009,15.407203
United States,USA,2010,14.075043
United States,USA,2011,15.2635975
United States,USA,2012,15.820925
United States,USA,2013,16.416082
United States,USA,2014,16.783852
United States,USA,2015,17.377954
United States,USA,2016,18.447395
United States,USA,2017,19.143154
United States,USA,2018,19.452078
United States,USA,2019,19.852346
United States,USA,2020,21.084906
Uruguay,URY,1990,37.772785
Uruguay,URY,1991,35.81583
Uruguay,URY,1992,34.24227
Uruguay,URY,1993,32.762955
Uruguay,URY,1994,31.131098
Uruguay,URY,1995,29.111267
Uruguay,URY,1996,28.244295
Uruguay,URY,1997,27.651602
Uruguay,URY,1998,27.13089
Uruguay,URY,1999,26.617558
Uruguay,URY,2000,26.573479
Uruguay,URY,2001,23.50551
Uruguay,URY,2002,22.38272
Uruguay,URY,2003,22.325827
Uruguay,URY,2004,21.374083
Uruguay,URY,2005,20.37539
Uruguay,URY,2006,19.870277
Uruguay,URY,2007,19.307873
Uruguay,URY,2008,18.974514
Uruguay,URY,2009,18.367128
Uruguay,URY,2010,17.757196
Uruguay,URY,2011,17.403322
Uruguay,URY,2012,16.934158
Uruguay,URY,2013,16.66852
Uruguay,URY,2014,16.855927
Uruguay,URY,2015,16.886463
Uruguay,URY,2016,17.346434
Uruguay,URY,2017,16.402637
Uruguay,URY,2018,18.063942
Uruguay,URY,2019,20.070677
Uruguay,URY,2020,18.638363
Uzbekistan,UZB,1990,61.17491
Uzbekistan,UZB,1991,57.207874
Uzbekistan,UZB,1992,51.80834
Uzbekistan,UZB,1993,48.00952
Uzbekistan,UZB,1994,47.131447
Uzbekistan,UZB,1995,42.809185
Uzbekistan,UZB,1996,43.25583
Uzbekistan,UZB,1997,42.08603
Uzbekistan,UZB,1998,41.61582
Uzbekistan,UZB,1999,40.42654
Uzbekistan,UZB,2000,42.646996
Uzbekistan,UZB,2001,40.28183
Uzbekistan,UZB,2002,41.287518
Uzbekistan,UZB,2003,42.90228
Uzbekistan,UZB,2004,42.497417
Uzbekistan,UZB,2005,45.119728
Uzbekistan,UZB,2006,43.912548
Uzbekistan,UZB,2007,40.96167
Uzbekistan,UZB,2008,38.47462
Uzbekistan,UZB,2009,37.883907
Uzbekistan,UZB,2010,37.77097
Uzbekistan,UZB,2011,37.135418
Uzbekistan,UZB,2012,35.982048
Uzbekistan,UZB,2013,33.78471
Uzbekistan,UZB,2014,31.67814
Uzbekistan,UZB,2015,30.687843
Uzbekistan,UZB,2016,30.283514
Uzbekistan,UZB,2017,29.709887
Uzbekistan,UZB,2018,30.710342
Uzbekistan,UZB,2019,29.838999
Uzbekistan,UZB,2020,30.178492
Vanuatu,VUT,1990,110.82674
Vanuatu,VUT,1991,110.9323
Vanuatu,VUT,1992,110.823204
Vanuatu,VUT,1993,112.26018
Vanuatu,VUT,1994,112.64324
Vanuatu,VUT,1995,110.71778
Vanuatu,VUT,1996,105.28857
Vanuatu,VUT,1997,107.912674
Vanuatu,VUT,1998,103.69856
Vanuatu,VUT,1999,118.41556
Vanuatu,VUT,2000,108.714294
Vanuatu,VUT,2001,98.22948
Vanuatu,VUT,2002,95.61281
Vanuatu,VUT,2003,96.73306
Vanuatu,VUT,2004,96.61606
Vanuatu,VUT,2005,97.5368
Vanuatu,VUT,2006,97.49601
Vanuatu,VUT,2007,97.9556
Vanuatu,VUT,2008,86.39318
Vanuatu,VUT,2009,87.8956
Vanuatu,VUT,2010,93.05518
Vanuatu,VUT,2011,95.07076
Vanuatu,VUT,2012,86.59855
Vanuatu,VUT,2013,86.853004
Vanuatu,VUT,2014,92.41113
Vanuatu,VUT,2015,91.89844
Vanuatu,VUT,2016,94.22903
Vanuatu,VUT,2017,94.29133
Vanuatu,VUT,2018,96.58236
Vanuatu,VUT,2019,92.777275
Vanuatu,VUT,2020,94.44282
Venezuela,VEN,1990,100.69904
Venezuela,VEN,1991,92.36394
Venezuela,VEN,1992,96.16862
Venezuela,VEN,1993,96.39916
Venezuela,VEN,1994,92.3853
Venezuela,VEN,1995,94.205376
Venezuela,VEN,1996,98.61096
Venezuela,VEN,1997,95.64957
Venezuela,VEN,1998,89.06877
Venezuela,VEN,1999,97.23984
Venezuela,VEN,2000,92.4087
Venezuela,VEN,2001,107.495186
Venezuela,VEN,2002,99.52492
Venezuela,VEN,2003,108.68434
Venezuela,VEN,2004,106.739975
Venezuela,VEN,2005,95.36842
Venezuela,VEN,2006,95.823135
Venezuela,VEN,2007,97.21888
Venezuela,VEN,2008,105.269196
Venezuela,VEN,2009,109.54586
Venezuela,VEN,2010,112.200714
Venezuela,VEN,2011,118.35153
Venezuela,VEN,2012,118.61577
Venezuela,VEN,2013,124.45976
Venezuela,VEN,2014,119.05845
Venezuela,VEN,2015,125.77012
Venezuela,VEN,2016,150.41739
Venezuela,VEN,2017,174.80872
Venezuela,VEN,2018,179.33174
Venezuela,VEN,2019,176.52684
Venezuela,VEN,2020,259.18643
Vietnam,VNM,1990,114.23398
Vietnam,VNM,1991,101.44709
Vietnam,VNM,1992,104.70667
Vietnam,VNM,1993,93.76945
Vietnam,VNM,1994,91.14422
Vietnam,VNM,1995,92.926834
Vietnam,VNM,1996,92.05101
Vietnam,VNM,1997,89.59784
Vietnam,VNM,1998,90.562096
Vietnam,VNM,1999,90.43678
Vietnam,VNM,2000,88.46067
Vietnam,VNM,2001,75.50317
Vietnam,VNM,2002,72.05686
Vietnam,VNM,2003,69.819214
Vietnam,VNM,2004,66.90947
Vietnam,VNM,2005,65.997215
Vietnam,VNM,2006,65.809395
Vietnam,VNM,2007,63.713566
Vietnam,VNM,2008,62.11956
Vietnam,VNM,2009,61.07791
Vietnam,VNM,2010,60.04697
Vietnam,VNM,2011,57.835896
Vietnam,VNM,2012,56.253845
Vietnam,VNM,2013,54.424683
Vietnam,VNM,2014,52.931446
Vietnam,VNM,2015,51.86714
Vietnam,VNM,2016,51.353523
Vietnam,VNM,2017,51.51082
Vietnam,VNM,2018,51.061047
Vietnam,VNM,2019,50.43643
Vietnam,VNM,2020,45.530025
Yemen,YEM,1990,383.90952
Yemen,YEM,1991,369.3595
Yemen,YEM,1992,368.42075
Yemen,YEM,1993,347.5976
Yemen,YEM,1994,357.9511
Yemen,YEM,1995,341.94156
Yemen,YEM,1996,336.23206
Yemen,YEM,1997,324.082
Yemen,YEM,1998,315.1185
Yemen,YEM,1999,298.2432
Yemen,YEM,2000,274.97693
Yemen,YEM,2001,266.21445
Yemen,YEM,2002,240.55801
Yemen,YEM,2003,222.32538
Yemen,YEM,2004,209.69948
Yemen,YEM,2005,196.47777
Yemen,YEM,2006,183.0726
Yemen,YEM,2007,167.64091
Yemen,YEM,2008,168.44948
Yemen,YEM,2009,155.33047
Yemen,YEM,2010,156.6496
Yemen,YEM,2011,155.16437
Yemen,YEM,2012,157.6561
Yemen,YEM,2013,150.95755
Yemen,YEM,2014,156.02693
Yemen,YEM,2015,163.92967
Yemen,YEM,2016,171.83197
Yemen,YEM,2017,179.46648
Yemen,YEM,2018,175.63083
Yemen,YEM,2019,181.33215
Yemen,YEM,2020,183.39972
Zambia,ZMB,1990,602.9902
Zambia,ZMB,1991,607.2958
Zambia,ZMB,1992,599.1928
Zambia,ZMB,1993,576.1547
Zambia,ZMB,1994,543.74713
Zambia,ZMB,1995,523.1933
Zambia,ZMB,1996,508.71634
Zambia,ZMB,1997,500.6629
Zambia,ZMB,1998,491.66293
Zambia,ZMB,1999,468.4201
Zambia,ZMB,2000,418.6942
Zambia,ZMB,2001,362.62503
Zambia,ZMB,2002,337.08258
Zambia,ZMB,2003,308.1953
Zambia,ZMB,2004,311.69516
Zambia,ZMB,2005,309.2504
Zambia,ZMB,2006,306.0923
Zambia,ZMB,2007,295.85287
Zambia,ZMB,2008,319.58072
Zambia,ZMB,2009,326.5901
Zambia,ZMB,2010,268.49405
Zambia,ZMB,2011,232.77356
Zambia,ZMB,2012,220.6309
Zambia,ZMB,2013,191.35355
Zambia,ZMB,2014,168.83693
Zambia,ZMB,2015,165.72624
Zambia,ZMB,2016,155.3573
Zambia,ZMB,2017,155.82332
Zambia,ZMB,2018,144.87115
Zambia,ZMB,2019,128.84006
Zambia,ZMB,2020,134.66542
Zimbabwe,ZWE,1990,337.5501
Zimbabwe,ZWE,1991,346.73132
Zimbabwe,ZWE,1992,349.56744
Zimbabwe,ZWE,1993,346.98022
Zimbabwe,ZWE,1994,352.07843
Zimbabwe,ZWE,1995,363.99518
Zimbabwe,ZWE,1996,361.6028
Zimbabwe,ZWE,1997,323.441
Zimbabwe,ZWE,1998,321.5364
Zimbabwe,ZWE,1999,384.5703
Zimbabwe,ZWE,2000,387.75034
Zimbabwe,ZWE,2001,589.1738
Zimbabwe,ZWE,2002,442.7154
Zimbabwe,ZWE,2003,533.8988
Zimbabwe,ZWE,2004,488.08743
Zimbabwe,ZWE,2005,533.07275
Zimbabwe,ZWE,2006,558.164
Zimbabwe,ZWE,2007,656.42145
Zimbabwe,ZWE,2008,684.827
Zimbabwe,ZWE,2009,669.8878
Zimbabwe,ZWE,2010,618.3297
Zimbabwe,ZWE,2011,562.12067
Zimbabwe,ZWE,2012,527.61646
Zimbabwe,ZWE,2013,495.25714
Zimbabwe,ZWE,2014,440.85205
Zimbabwe,ZWE,2015,408.11902
Zimbabwe,ZWE,2016,399.7575
Zimbabwe,ZWE,2017,366.381
Zimbabwe,ZWE,2018,358.5035
Zimbabwe,ZWE,2019,393.1763
Zimbabwe,ZWE,2020,356.7589
